刘二上访记,9.0,大陆,剧情,https://movie.douban.com/subject/6785099/,https://img3.doubanio.com/lpic/s25805382.jpg
荒山泪,9.4,大陆,剧情,https://movie.douban.com/subject/6785099/,https://img3.doubanio.com/view/photo/s_ratio_poster/public/p1945500364.jpg
茶馆,9.3,大陆,剧情,https://movie.douban.com/subject/6785099/,https://img3.doubanio.com/view/photo/s_ratio_poster/public/p2262122096.jpg
背靠背，脸对脸,9.3,大陆,剧情,https://movie.douban.com/subject/6785099/,https://img1.doubanio.com/view/photo/s_ratio_poster/public/p2505048077.jpg
鬼子来了,9.2,大陆,剧情,https://movie.douban.com/subject/6785099/,https://img3.doubanio.com/view/photo/s_ratio_poster/public/p1181775734.jpg
狐妖小红娘剧场版：王权富贵,9.2,大陆,剧情,https://movie.douban.com/subject/6785099/,https://img3.doubanio.com/view/photo/s_ratio_poster/public/p2409467410.jpg
活着,9.1,大陆,剧情,https://movie.douban.com/subject/6785099/,https://img3.doubanio.com/view/photo/s_ratio_poster/public/p2173575484.jpg
天堂回信,9.1,大陆,剧情,https://movie.douban.com/subject/6785099/,https://img3.doubanio.com/view/photo/s_ratio_poster/public/p1090024531.jpg
金花路5号,9.1,大陆,剧情,https://movie.douban.com/subject/6785099/,https://img3.doubanio.com/view/photo/s_ratio_poster/public/p1961367162.jpg
芙蓉镇,9.0,大陆,剧情,https://movie.douban.com/subject/6785099/,https://img3.doubanio.com/view/photo/s_ratio_poster/public/p2184544013.jpg
红楼梦,9.0,大陆,剧情,https://movie.douban.com/subject/6785099/,https://img3.doubanio.com/view/photo/s_ratio_poster/public/p2322451692.jpg
如此爹娘,9.0,大陆,剧情,https://movie.douban.com/subject/6785099/,https://img3.doubanio.com/view/photo/s_ratio_poster/public/p2323730451.jpg
穆桂英挂帅,9.0,大陆,剧情,https://movie.douban.com/subject/6785099/,https://img3.doubanio.com/view/photo/s_ratio_poster/public/p2345664290.jpg
孔明灯,9.0,大陆,剧情,https://movie.douban.com/subject/6785099/,https://img3.doubanio.com/lpic/s6852223.jpg
霍伊特团队,9.7,美国,剧情,https://movie.douban.com/subject/1292001/,https://img3.doubanio.com/view/photo/s_ratio_poster/public/p2329853674.jpg
肖申克的救赎,9.6,美国,剧情,https://movie.douban.com/subject/1292001/,https://img3.doubanio.com/view/photo/s_ratio_poster/public/p480747492.jpg
控方证人,9.6,美国,剧情,https://movie.douban.com/subject/1292001/,https://img1.doubanio.com/view/photo/s_ratio_poster/public/p1505392928.jpg
威尔和格蕾丝 告别秀,9.6,美国,剧情,https://movie.douban.com/subject/1292001/,https://img1.doubanio.com/view/photo/s_ratio_poster/public/p2408281629.jpg
迈克尔・杰克逊：音乐历史专辑全集,9.6,美国,剧情,https://movie.douban.com/subject/1292001/,https://img3.doubanio.com/lpic/s2541232.jpg
演员工作室：老爸老妈的浪漫史,9.6,美国,剧情,https://movie.douban.com/subject/1292001/,https://img3.doubanio.com/view/photo/s_ratio_poster/public/p2176444996.jpg
NBA黄金50周年纪念特辑,9.6,美国,剧情,https://movie.douban.com/subject/1292001/,https://img3.doubanio.com/lpic/s3180872.jpg
天使在美国第二部：重建,9.6,美国,剧情,https://movie.douban.com/subject/1292001/,https://img3.doubanio.com/view/photo/s_ratio_poster/public/p2474462430.jpg
AFI终身成就奖：向阿尔帕西诺致敬,9.6,美国,剧情,https://movie.douban.com/subject/1292001/,https://img1.doubanio.com/lpic/s4361049.jpg
拉娜・德雷：西海岸,9.6,美国,剧情,https://movie.douban.com/subject/1292001/,https://img3.doubanio.com/view/photo/s_ratio_poster/public/p2193232040.jpg
豪斯医生完季特别篇：天鹅挽歌,9.5,美国,剧情,https://movie.douban.com/subject/1292001/,https://img3.doubanio.com/view/photo/s_ratio_poster/public/p2201534004.jpg
怪诞小镇特别篇：松林之间,9.5,美国,剧情,https://movie.douban.com/subject/1292001/,https://img3.doubanio.com/view/photo/s_ratio_poster/public/p2324315416.jpg
跳出我天地音乐剧,9.5,美国,剧情,https://movie.douban.com/subject/1292001/,https://img3.doubanio.com/view/photo/s_ratio_poster/public/p2215874393.jpg
天使在美国第一部：千禧年降临,9.5,美国,剧情,https://movie.douban.com/subject/1292001/,https://img3.doubanio.com/view/photo/s_ratio_poster/public/p2455727120.jpg
阿甘正传,9.4,美国,剧情,https://movie.douban.com/subject/1292001/,https://img1.doubanio.com/view/photo/s_ratio_poster/public/p510876377.jpg
辛德勒的名单,9.4,美国,剧情,https://movie.douban.com/subject/1292001/,https://img3.doubanio.com/view/photo/s_ratio_poster/public/p492406163.jpg
十二怒汉,9.4,美国,剧情,https://movie.douban.com/subject/1292001/,https://img3.doubanio.com/view/photo/s_ratio_poster/public/p2173577632.jpg
福尔摩斯二世,9.4,美国,剧情,https://movie.douban.com/subject/1292001/,https://img1.doubanio.com/view/photo/s_ratio_poster/public/p2206737207.jpg
十二怒汉,9.4,美国,剧情,https://movie.douban.com/subject/1292001/,https://img3.doubanio.com/view/photo/s_ratio_poster/public/p2153875961.jpg
控方证人,9.4,美国,剧情,https://movie.douban.com/subject/1292001/,https://img3.doubanio.com/view/photo/s_ratio_poster/public/p2367853261.jpg
绝不折中：绝命毒师最终季制作记录,9.4,美国,剧情,https://movie.douban.com/subject/1292001/,https://img3.doubanio.com/view/photo/s_ratio_poster/public/p2208788564.jpg
疑犯追踪 试播集,9.4,美国,剧情,https://movie.douban.com/subject/1292001/,https://img1.doubanio.com/view/photo/s_ratio_poster/public/p1974739828.jpg
拽妹黛薇儿要上大学了没,9.4,美国,剧情,https://movie.douban.com/subject/1292001/,https://img3.doubanio.com/lpic/s2372970.jpg
博弈论,9.4,美国,剧情,https://movie.douban.com/subject/1292001/,https://img3.doubanio.com/lpic/s4495422.jpg
拜访森林,9.4,美国,剧情,https://movie.douban.com/subject/1292001/,https://img3.doubanio.com/view/photo/s_ratio_poster/public/p2155898916.jpg
Christina Aguilera: Back to Basics - Live and Down Under,9.4,美国,剧情,https://movie.douban.com/subject/1292001/,https://img3.doubanio.com/view/photo/s_ratio_poster/public/p2498697744.jpg
聪明狗走天涯,9.4,美国,剧情,https://movie.douban.com/subject/1292001/,https://img1.doubanio.com/lpic/s1788447.jpg
南方公园之梦想国度,9.4,美国,剧情,https://movie.douban.com/subject/1292001/,https://img3.doubanio.com/lpic/s5293436.jpg
盗梦空间,9.3,美国,剧情,https://movie.douban.com/subject/1292001/,https://img3.doubanio.com/view/photo/s_ratio_poster/public/p513344864.jpg
海豚湾,9.3,美国,剧情,https://movie.douban.com/subject/1292001/,https://img3.doubanio.com/view/photo/s_ratio_poster/public/p455222172.jpg
The Work of Director Michel Gondry,9.3,美国,剧情,https://movie.douban.com/subject/1292001/,https://img3.doubanio.com/lpic/s1408962.jpg
守望先锋：双龙,9.3,美国,剧情,https://movie.douban.com/subject/1292001/,https://img3.doubanio.com/view/photo/s_ratio_poster/public/p2417863546.jpg
诱惑乐队,9.3,美国,剧情,https://movie.douban.com/subject/1292001/,https://img3.doubanio.com/lpic/s2572066.jpg
查理布朗男孩,9.3,美国,剧情,https://movie.douban.com/subject/1292001/,https://img1.doubanio.com/view/photo/s_ratio_poster/public/p577559527.jpg
山谷崛起,9.3,美国,剧情,https://movie.douban.com/subject/1292001/,https://img3.doubanio.com/view/photo/s_ratio_poster/public/p2221606645.jpg
土豆工厂,9.3,美国,剧情,https://movie.douban.com/subject/1292001/,https://img3.doubanio.com/view/photo/s_ratio_poster/public/p2233036824.jpg
冰上卡门,9.3,美国,剧情,https://movie.douban.com/subject/1292001/,https://img3.doubanio.com/lpic/s4044014.jpg
泰坦尼克号,9.2,美国,剧情,https://movie.douban.com/subject/1292001/,https://img3.doubanio.com/view/photo/s_ratio_poster/public/p457760035.jpg
海上钢琴师,9.2,美国,剧情,https://movie.douban.com/subject/1292001/,https://img1.doubanio.com/view/photo/s_ratio_poster/public/p511146807.jpg
霸王别姬,9.5,香港,剧情,https://movie.douban.com/subject/6311260/,https://img3.doubanio.com/view/photo/s_ratio_poster/public/p1910813120.jpg
Small Matters 音乐录像故事,9.4,香港,剧情,https://movie.douban.com/subject/6311260/,https://img1.doubanio.com/lpic/s2752638.jpg
背靠背，脸对脸,9.3,香港,剧情,https://movie.douban.com/subject/6311260/,https://img1.doubanio.com/view/photo/s_ratio_poster/public/p2505048077.jpg
帝女花,9.3,香港,剧情,https://movie.douban.com/subject/6311260/,https://img1.doubanio.com/view/photo/s_ratio_poster/public/p2324412917.jpg
大话西游之大圣娶亲,9.2,香港,剧情,https://movie.douban.com/subject/6311260/,https://img3.doubanio.com/view/photo/s_ratio_poster/public/p2455050536.jpg
幸福的旁边,9.2,香港,剧情,https://movie.douban.com/subject/6311260/,https://img3.doubanio.com/view/photo/s_ratio_poster/public/p2503447611.jpg
活着,9.1,香港,剧情,https://movie.douban.com/subject/6311260/,https://img3.doubanio.com/view/photo/s_ratio_poster/public/p2173575484.jpg
南海十三郎,9.1,香港,剧情,https://movie.douban.com/subject/6311260/,https://img1.doubanio.com/view/photo/s_ratio_poster/public/p2328424489.jpg
无间道,9.0,香港,剧情,https://movie.douban.com/subject/6311260/,https://img3.doubanio.com/view/photo/s_ratio_poster/public/p2233971046.jpg
上海滩,9.0,香港,剧情,https://movie.douban.com/subject/6311260/,https://img3.doubanio.com/view/photo/s_ratio_poster/public/p2344833803.jpg
冲天,9.2,台湾,剧情,https://movie.douban.com/subject/3098844/,https://img3.doubanio.com/view/photo/s_ratio_poster/public/p2279974285.jpg
霹雳兵燹,9.2,台湾,剧情,https://movie.douban.com/subject/3098844/,https://img1.doubanio.com/lpic/s1913808.jpg
时之繁花,9.2,台湾,剧情,https://movie.douban.com/subject/3098844/,https://img3.doubanio.com/view/photo/s_ratio_poster/public/p2216519411.jpg
饮食男女,9.1,台湾,剧情,https://movie.douban.com/subject/3098844/,https://img3.doubanio.com/view/photo/s_ratio_poster/public/p1910899751.jpg
少年派的奇幻漂流,9.0,台湾,剧情,https://movie.douban.com/subject/3098844/,https://img3.doubanio.com/view/photo/s_ratio_poster/public/p1784592701.jpg
长假,9.0,台湾,剧情,https://movie.douban.com/subject/3098844/,https://img3.doubanio.com/view/photo/s_ratio_poster/public/p2153135246.jpg
Arch Enemy: Tyrants of the Rising Sun,9.6,日本,剧情,https://movie.douban.com/subject/5913049/,https://img3.doubanio.com/lpic/s4078391.jpg
银魂：白夜叉降诞预告,9.5,日本,剧情,https://movie.douban.com/subject/5913049/,https://img1.doubanio.com/view/photo/s_ratio_poster/public/p2214620528.jpg
银魂：无论什么事开始虽然重要但伸个懒腰的话也不错,9.5,日本,剧情,https://movie.douban.com/subject/5913049/,https://img3.doubanio.com/view/photo/s_ratio_poster/public/p2221047675.jpg
北国之恋：2002遗言,9.5,日本,剧情,https://movie.douban.com/subject/5913049/,https://img3.doubanio.com/view/photo/s_ratio_poster/public/p2073979922.jpg
北国之恋：1987初恋,9.5,日本,剧情,https://movie.douban.com/subject/5913049/,https://img3.doubanio.com/view/photo/s_ratio_poster/public/p2472830331.jpg
北国之恋：1984夏天,9.5,日本,剧情,https://movie.douban.com/subject/5913049/,https://img3.doubanio.com/view/photo/s_ratio_poster/public/p2472828763.jpg
北国之恋：1995秘密,9.5,日本,剧情,https://movie.douban.com/subject/5913049/,https://img3.doubanio.com/lpic/s2356190.jpg
北国之恋：1989归乡,9.5,日本,剧情,https://movie.douban.com/subject/5913049/,https://img3.doubanio.com/lpic/s4657020.jpg
北国之恋：1998时代,9.5,日本,剧情,https://movie.douban.com/subject/5913049/,https://img3.doubanio.com/view/photo/s_ratio_poster/public/p2323647341.jpg
转世熏风,9.5,日本,剧情,https://movie.douban.com/subject/5913049/,https://img3.doubanio.com/view/photo/s_ratio_poster/public/p2317900073.jpg
h,9.5,日本,剧情,https://movie.douban.com/subject/5913049/,https://img3.doubanio.com/view/photo/s_ratio_poster/public/p2256610543.jpg
奥丁领域,9.5,日本,剧情,https://movie.douban.com/subject/5913049/,https://img3.doubanio.com/view/photo/s_ratio_poster/public/p784512610.jpg
新世纪福音战士剧场版：Air/真心为你,9.4,日本,剧情,https://movie.douban.com/subject/5913049/,https://img1.doubanio.com/view/photo/s_ratio_poster/public/p2199653749.jpg
夏目友人帐 第六季 特别篇 铃响的残株,9.4,日本,剧情,https://movie.douban.com/subject/5913049/,https://img3.doubanio.com/view/photo/s_ratio_poster/public/p2497232204.jpg
北国之恋：1992自立,9.4,日本,剧情,https://movie.douban.com/subject/5913049/,https://img3.doubanio.com/lpic/s2974252.jpg
回忆积木小屋,9.3,日本,剧情,https://movie.douban.com/subject/5913049/,https://img3.doubanio.com/view/photo/s_ratio_poster/public/p2205961264.jpg
银魂完结篇：直到永远的万事屋,9.3,日本,剧情,https://movie.douban.com/subject/5913049/,https://img3.doubanio.com/view/photo/s_ratio_poster/public/p2258024316.jpg
夏目友人帐 五 特别篇：一夜酒杯,9.3,日本,剧情,https://movie.douban.com/subject/5913049/,https://img3.doubanio.com/view/photo/s_ratio_poster/public/p2454093081.jpg
北国之恋：1983冬天,9.3,日本,剧情,https://movie.douban.com/subject/5913049/,https://img1.doubanio.com/view/photo/s_ratio_poster/public/p2472822148.jpg
宇宙兄弟#0,9.3,日本,剧情,https://movie.douban.com/subject/5913049/,https://img3.doubanio.com/view/photo/s_ratio_poster/public/p2192962095.jpg
栗色小天使,9.3,日本,剧情,https://movie.douban.com/subject/5913049/,https://img3.doubanio.com/view/photo/s_ratio_poster/public/p2357157695.jpg
铃兰：少女萌的故事,9.3,日本,剧情,https://movie.douban.com/subject/5913049/,https://img3.doubanio.com/view/photo/s_ratio_poster/public/p2195973053.jpg
俺たちに明日はある,9.3,日本,剧情,https://movie.douban.com/subject/5913049/,https://img3.doubanio.com/view/photo/s_ratio_poster/public/p2195248973.jpg
阿信的故事,9.3,日本,剧情,https://movie.douban.com/subject/5913049/,https://img3.doubanio.com/view/photo/s_ratio_poster/public/p2502852036.jpg
千与千寻,9.2,日本,剧情,https://movie.douban.com/subject/5913049/,https://img3.doubanio.com/view/photo/s_ratio_poster/public/p1910830216.jpg
七武士,9.2,日本,剧情,https://movie.douban.com/subject/5913049/,https://img3.doubanio.com/view/photo/s_ratio_poster/public/p647099823.jpg
东京物语,9.2,日本,剧情,https://movie.douban.com/subject/5913049/,https://img3.doubanio.com/view/photo/s_ratio_poster/public/p1910832390.jpg
福音战士新剧场版：破,9.2,日本,剧情,https://movie.douban.com/subject/5913049/,https://img3.doubanio.com/view/photo/s_ratio_poster/public/p1026522114.jpg
切腹,9.2,日本,剧情,https://movie.douban.com/subject/5913049/,https://img3.doubanio.com/view/photo/s_ratio_poster/public/p2151748293.jpg
夏目友人帐：曾几何时下雪之日,9.2,日本,剧情,https://movie.douban.com/subject/5913049/,https://img3.doubanio.com/view/photo/s_ratio_poster/public/p2151897085.jpg
虎与龙SP,9.2,日本,剧情,https://movie.douban.com/subject/5913049/,https://img3.doubanio.com/view/photo/s_ratio_poster/public/p809505182.jpg
虫师 铃之滴,9.2,日本,剧情,https://movie.douban.com/subject/5913049/,https://img3.doubanio.com/view/photo/s_ratio_poster/public/p2237552672.jpg
新世纪福音战士剧场版：复兴,9.2,日本,剧情,https://movie.douban.com/subject/5913049/,https://img3.doubanio.com/view/photo/s_ratio_poster/public/p2227584460.jpg
机动战士高达 THE ORIGIN III 破晓的起义,9.2,日本,剧情,https://movie.douban.com/subject/5913049/,https://img3.doubanio.com/view/photo/s_ratio_poster/public/p2325456546.jpg
身毒丸,9.2,日本,剧情,https://movie.douban.com/subject/5913049/,https://img3.doubanio.com/lpic/s24131873.jpg
TAIMAGURA 奶奶,9.2,日本,剧情,https://movie.douban.com/subject/5913049/,https://img3.doubanio.com/lpic/s3521932.jpg
阿修_城の瞳2003,9.2,日本,剧情,https://movie.douban.com/subject/5913049/,https://img3.doubanio.com/view/photo/s_ratio_poster/public/p2237542656.jpg
机动战士高达THE ORIGIN 激战 鲁姆战役篇,9.2,日本,剧情,https://movie.douban.com/subject/5913049/,https://img1.doubanio.com/view/photo/s_ratio_poster/public/p2495283318.jpg
牧野村千年物语,9.2,日本,剧情,https://movie.douban.com/subject/5913049/,https://img1.doubanio.com/view/photo/s_ratio_poster/public/p1447177777.jpg
卡里古拉,9.2,日本,剧情,https://movie.douban.com/subject/5913049/,https://img3.doubanio.com/view/photo/s_ratio_poster/public/p2369252025.jpg
最完美的离婚 2014特别篇,9.1,日本,剧情,https://movie.douban.com/subject/5913049/,https://img1.doubanio.com/view/photo/s_ratio_poster/public/p2186872257.jpg
女人步上楼梯时,9.1,日本,剧情,https://movie.douban.com/subject/5913049/,https://img3.doubanio.com/view/photo/s_ratio_poster/public/p2462525755.jpg
命运石之门：横行跋扈的浪荡之徒,9.1,日本,剧情,https://movie.douban.com/subject/5913049/,https://img3.doubanio.com/view/photo/s_ratio_poster/public/p1432532161.jpg
倒数第二次恋爱 2012秋SP,9.1,日本,剧情,https://movie.douban.com/subject/5913049/,https://img3.doubanio.com/view/photo/s_ratio_poster/public/p1998695160.jpg
空之境界 未来福音,9.1,日本,剧情,https://movie.douban.com/subject/5913049/,https://img1.doubanio.com/view/photo/s_ratio_poster/public/p2037135869.jpg
情迷意乱,9.1,日本,剧情,https://movie.douban.com/subject/5913049/,https://img3.doubanio.com/view/photo/s_ratio_poster/public/p1449763371.jpg
机器的复兴：第1部,9.1,日本,剧情,https://movie.douban.com/subject/5913049/,https://img3.doubanio.com/view/photo/s_ratio_poster/public/p2189949483.jpg
虫师 续章 荆棘之路,9.1,日本,剧情,https://movie.douban.com/subject/5913049/,https://img3.doubanio.com/view/photo/s_ratio_poster/public/p2189258450.jpg
天元突破剧场版：螺岩篇,9.1,日本,剧情,https://movie.douban.com/subject/5913049/,https://img3.doubanio.com/view/photo/s_ratio_poster/public/p937216094.jpg
钢之炼金术师：那也是他的战场,9.1,日本,剧情,https://movie.douban.com/subject/5913049/,https://img1.doubanio.com/view/photo/s_ratio_poster/public/p2364730827.jpg
人间的条件(第五、六部),9.1,日本,剧情,https://movie.douban.com/subject/5913049/,https://img3.doubanio.com/view/photo/s_ratio_poster/public/p2327866185.jpg
蛮幽鬼,9.1,日本,剧情,https://movie.douban.com/subject/5913049/,https://img3.doubanio.com/view/photo/s_ratio_poster/public/p2385322366.jpg
忠犬八公物语,9.0,日本,剧情,https://movie.douban.com/subject/5913049/,https://img3.doubanio.com/view/photo/s_ratio_poster/public/p2297934945.jpg
无人知晓,9.0,日本,剧情,https://movie.douban.com/subject/5913049/,https://img3.doubanio.com/view/photo/s_ratio_poster/public/p661160053.jpg
攻壳机动队2：无罪,9.0,日本,剧情,https://movie.douban.com/subject/5913049/,https://img1.doubanio.com/view/photo/s_ratio_poster/public/p453466108.jpg
红鱼,9.0,日本,剧情,https://movie.douban.com/subject/5913049/,https://img3.doubanio.com/view/photo/s_ratio_poster/public/p2315734512.jpg
凉宫春日的消失,9.0,日本,剧情,https://movie.douban.com/subject/5913049/,https://img3.doubanio.com/view/photo/s_ratio_poster/public/p2246432125.jpg
空之境界 第七章 杀人考察（后）,9.0,日本,剧情,https://movie.douban.com/subject/5913049/,https://img3.doubanio.com/view/photo/s_ratio_poster/public/p2202703811.jpg
生之欲,9.0,日本,剧情,https://movie.douban.com/subject/5913049/,https://img3.doubanio.com/view/photo/s_ratio_poster/public/p2327887726.jpg
召唤恶魔阿萨谢尔OAD：路西法篇,9.0,日本,剧情,https://movie.douban.com/subject/5913049/,https://img3.doubanio.com/lpic/s10205921.jpg
机动战士高达：逆袭的夏亚,9.0,日本,剧情,https://movie.douban.com/subject/5913049/,https://img3.doubanio.com/view/photo/s_ratio_poster/public/p546980785.jpg
木更津猫眼 世界系列,9.0,日本,剧情,https://movie.douban.com/subject/5913049/,https://img3.doubanio.com/view/photo/s_ratio_poster/public/p764157116.jpg
古x任三郎 最后之舞,9.0,日本,剧情,https://movie.douban.com/subject/5913049/,https://img3.doubanio.com/view/photo/s_ratio_poster/public/p2155138955.jpg
少女与战车 剧场版,9.0,日本,剧情,https://movie.douban.com/subject/5913049/,https://img1.doubanio.com/view/photo/s_ratio_poster/public/p2290872319.jpg
2112年 哆啦A梦诞生,9.0,日本,剧情,https://movie.douban.com/subject/5913049/,https://img3.doubanio.com/view/photo/s_ratio_poster/public/p1666603536.jpg
一碗阳春面,9.0,日本,剧情,https://movie.douban.com/subject/5913049/,https://img3.doubanio.com/view/photo/s_ratio_poster/public/p2182803213.jpg
8UPPERS FEATURE MUSIC FILM,9.0,日本,剧情,https://movie.douban.com/subject/5913049/,https://img1.doubanio.com/view/photo/s_ratio_poster/public/p1210671627.jpg
机动战士高达 THE ORIGIN IV 命运前夜,9.0,日本,剧情,https://movie.douban.com/subject/5913049/,https://img3.doubanio.com/view/photo/s_ratio_poster/public/p2409626594.jpg
水星领航员 OVA,8.9,日本,剧情,https://movie.douban.com/subject/5913049/,https://img3.doubanio.com/view/photo/s_ratio_poster/public/p2296508626.jpg
最游记外传OVA第三卷：萌芽之章,9.0,日本,剧情,https://movie.douban.com/subject/5913049/,https://img1.doubanio.com/view/photo/s_ratio_poster/public/p2096699907.jpg
寅次郎的故事15：鸳鸯伞,9.0,日本,剧情,https://movie.douban.com/subject/5913049/,https://img3.doubanio.com/view/photo/s_ratio_poster/public/p2333007611.jpg
乱莺,9.0,日本,剧情,https://movie.douban.com/subject/5913049/,https://img3.doubanio.com/view/photo/s_ratio_poster/public/p2461995492.jpg
浮浪云,9.0,日本,剧情,https://movie.douban.com/subject/5913049/,https://img3.doubanio.com/lpic/s6392033.jpg
出租车,9.6,韩国,剧情,https://movie.douban.com/subject/1299361/,https://img3.doubanio.com/view/photo/s_ratio_poster/public/p2445935214.jpg
徐谐仁短片“午夜出租车”,9.0,韩国,剧情,https://movie.douban.com/subject/1299361/,https://img3.doubanio.com/view/photo/s_ratio_poster/public/p2196186376.jpg
The Day,9.1,韩国,剧情,https://movie.douban.com/subject/1299361/,https://img3.doubanio.com/view/photo/s_ratio_poster/public/p2166936751.jpg
辩护人,9.1,韩国,剧情,https://movie.douban.com/subject/1299361/,https://img3.doubanio.com/view/photo/s_ratio_poster/public/p2158166535.jpg
素媛,9.1,韩国,剧情,https://movie.douban.com/subject/1299361/,https://img3.doubanio.com/view/photo/s_ratio_poster/public/p2118532944.jpg
共犯者们,9.1,韩国,剧情,https://movie.douban.com/subject/1299361/,https://img3.doubanio.com/view/photo/s_ratio_poster/public/p2494631724.jpg
出租车司机冒险记,9.1,韩国,剧情,https://movie.douban.com/subject/1299361/,https://img3.doubanio.com/view/photo/s_ratio_poster/public/p2502580762.jpg
一个女人的一生,9.1,韩国,剧情,https://movie.douban.com/subject/1299361/,https://img3.doubanio.com/view/photo/s_ratio_poster/public/p2506745943.jpg
我爱你,9.0,韩国,剧情,https://movie.douban.com/subject/1299361/,https://img1.doubanio.com/view/photo/s_ratio_poster/public/p1075591188.jpg
爱・回家,9.0,韩国,剧情,https://movie.douban.com/subject/1299361/,https://img3.doubanio.com/view/photo/s_ratio_poster/public/p2107418134.jpg
剧院魅影：25周年纪念演出,9.7,英国,剧情,https://movie.douban.com/subject/4047130/,https://img3.doubanio.com/view/photo/s_ratio_poster/public/p2006533765.jpg
憨豆先生精选辑,9.6,英国,剧情,https://movie.douban.com/subject/4047130/,https://img3.doubanio.com/view/photo/s_ratio_poster/public/p2354179225.jpg
天使在美国第二部：重建,9.6,英国,剧情,https://movie.douban.com/subject/4047130/,https://img3.doubanio.com/view/photo/s_ratio_poster/public/p2474462430.jpg
时空冒险,9.5,英国,剧情,https://movie.douban.com/subject/4047130/,https://img3.doubanio.com/view/photo/s_ratio_poster/public/p2173858926.jpg
跳出我天地音乐剧,9.5,英国,剧情,https://movie.douban.com/subject/4047130/,https://img3.doubanio.com/view/photo/s_ratio_poster/public/p2215874393.jpg
天使在美国第一部：千禧年降临,9.5,英国,剧情,https://movie.douban.com/subject/4047130/,https://img3.doubanio.com/view/photo/s_ratio_poster/public/p2455727120.jpg
绿洲MTV不插电演唱会,9.5,英国,剧情,https://movie.douban.com/subject/4047130/,https://img3.doubanio.com/lpic/s4099993.jpg
h,9.5,英国,剧情,https://movie.douban.com/subject/4047130/,https://img3.doubanio.com/view/photo/s_ratio_poster/public/p2256610543.jpg
文艺趣向,9.5,英国,剧情,https://movie.douban.com/subject/4047130/,https://img3.doubanio.com/view/photo/s_ratio_poster/public/p2325812941.jpg
唐顿庄园：2015圣诞特别篇,9.4,英国,剧情,https://movie.douban.com/subject/4047130/,https://img3.doubanio.com/view/photo/s_ratio_poster/public/p2292519115.jpg
弗兰肯斯坦,9.4,英国,剧情,https://movie.douban.com/subject/4047130/,https://img3.doubanio.com/view/photo/s_ratio_poster/public/p2252273146.jpg
控方证人,9.4,英国,剧情,https://movie.douban.com/subject/4047130/,https://img3.doubanio.com/view/photo/s_ratio_poster/public/p2367853261.jpg
小巨人 3D,9.4,英国,剧情,https://movie.douban.com/subject/4047130/,https://img3.doubanio.com/view/photo/s_ratio_poster/public/p2231893270.jpg
神秘博士2005慈善特辑：帮助儿童,9.4,英国,剧情,https://movie.douban.com/subject/4047130/,https://img3.doubanio.com/lpic/s11088020.jpg
博弈论,9.4,英国,剧情,https://movie.douban.com/subject/4047130/,https://img3.doubanio.com/lpic/s4495422.jpg
Christina Aguilera: Back to Basics - Live and Down Under,9.4,英国,剧情,https://movie.douban.com/subject/4047130/,https://img3.doubanio.com/view/photo/s_ratio_poster/public/p2498697744.jpg
保罗・爱丁顿：好人一生,9.4,英国,剧情,https://movie.douban.com/subject/4047130/,https://img3.doubanio.com/lpic/s4644832.jpg
盗梦空间,9.3,英国,剧情,https://movie.douban.com/subject/4047130/,https://img3.doubanio.com/view/photo/s_ratio_poster/public/p513344864.jpg
极品基老伴：完结篇,9.3,英国,剧情,https://movie.douban.com/subject/4047130/,https://img3.doubanio.com/view/photo/s_ratio_poster/public/p2360539785.jpg
神秘博士特别篇：时间尽头(下),9.3,英国,剧情,https://movie.douban.com/subject/4047130/,https://img1.doubanio.com/view/photo/s_ratio_poster/public/p2151699747.jpg
当哈利离别霍格沃茨,9.3,英国,剧情,https://movie.douban.com/subject/4047130/,https://img3.doubanio.com/view/photo/s_ratio_poster/public/p2155293242.jpg
女王召见,9.3,英国,剧情,https://movie.douban.com/subject/4047130/,https://img3.doubanio.com/view/photo/s_ratio_poster/public/p2119628656.jpg
绿翼：圣诞特别篇,9.3,英国,剧情,https://movie.douban.com/subject/4047130/,https://img1.doubanio.com/view/photo/s_ratio_poster/public/p2173751587.jpg
幕后危机(特别版),9.3,英国,剧情,https://movie.douban.com/subject/4047130/,https://img3.doubanio.com/lpic/s9014491.jpg
土豆工厂,9.3,英国,剧情,https://movie.douban.com/subject/4047130/,https://img3.doubanio.com/view/photo/s_ratio_poster/public/p2233036824.jpg
霍洛维茨伦敦钢琴独奏会,9.3,英国,剧情,https://movie.douban.com/subject/4047130/,https://img3.doubanio.com/lpic/s4184172.jpg
忠犬八公的故事,9.2,英国,剧情,https://movie.douban.com/subject/4047130/,https://img3.doubanio.com/view/photo/s_ratio_poster/public/p524964016.jpg
父与女,9.2,英国,剧情,https://movie.douban.com/subject/4047130/,https://img1.doubanio.com/view/photo/s_ratio_poster/public/p2318217897.jpg
唐顿庄园：2011圣诞特别篇,9.2,英国,剧情,https://movie.douban.com/subject/4047130/,https://img1.doubanio.com/view/photo/s_ratio_poster/public/p1711501188.jpg
蒙哥,9.2,英国,剧情,https://movie.douban.com/subject/4047130/,https://img3.doubanio.com/view/photo/s_ratio_poster/public/p1214028386.jpg
神秘博士特别篇：时间尽头(上),9.2,英国,剧情,https://movie.douban.com/subject/4047130/,https://img1.doubanio.com/lpic/s4118059.jpg
神秘博士：时间冲撞,9.2,英国,剧情,https://movie.douban.com/subject/4047130/,https://img1.doubanio.com/lpic/s6788929.jpg
福尔摩斯：斑点带子案,9.2,英国,剧情,https://movie.douban.com/subject/4047130/,https://img1.doubanio.com/lpic/s3278159.jpg
最后一案,9.2,英国,剧情,https://movie.douban.com/subject/4047130/,https://img1.doubanio.com/lpic/s3662829.jpg
住院的病人,9.2,英国,剧情,https://movie.douban.com/subject/4047130/,https://img3.doubanio.com/lpic/s3662833.jpg
布鲁斯―帕廷顿计划,9.2,英国,剧情,https://movie.douban.com/subject/4047130/,https://img3.doubanio.com/lpic/s3666973.jpg
呼叫助产士：2012圣诞特别篇,9.2,英国,剧情,https://movie.douban.com/subject/4047130/,https://img3.doubanio.com/view/photo/s_ratio_poster/public/p2174965075.jpg
呼叫助产士：2013圣诞特别篇,9.2,英国,剧情,https://movie.douban.com/subject/4047130/,https://img1.doubanio.com/view/photo/s_ratio_poster/public/p2174965118.jpg
灵力魔术师达伦布朗秀,9.2,英国,剧情,https://movie.douban.com/subject/4047130/,https://img3.doubanio.com/lpic/s3732021.jpg
怒海英雄：回报,9.2,英国,剧情,https://movie.douban.com/subject/4047130/,https://img3.doubanio.com/view/photo/s_ratio_poster/public/p2278610124.jpg
清秀佳人第二部,9.2,英国,剧情,https://movie.douban.com/subject/4047130/,https://img1.doubanio.com/lpic/s9042667.jpg
Tuesday,9.2,英国,剧情,https://movie.douban.com/subject/4047130/,https://img1.doubanio.com/lpic/s1798118.jpg
星际穿越,9.1,英国,剧情,https://movie.douban.com/subject/4047130/,https://img3.doubanio.com/view/photo/s_ratio_poster/public/p2206088801.jpg
黑镜：圣诞特别篇,9.1,英国,剧情,https://movie.douban.com/subject/4047130/,https://img3.doubanio.com/view/photo/s_ratio_poster/public/p2233676442.jpg
人鼠之间,9.1,英国,剧情,https://movie.douban.com/subject/4047130/,https://img3.doubanio.com/view/photo/s_ratio_poster/public/p2252276881.jpg
第二块血迹,9.1,英国,剧情,https://movie.douban.com/subject/4047130/,https://img3.doubanio.com/lpic/s3667582.jpg
魔鬼之足,9.1,英国,剧情,https://movie.douban.com/subject/4047130/,https://img3.doubanio.com/lpic/s3666952.jpg
银色马,9.1,英国,剧情,https://movie.douban.com/subject/4047130/,https://img1.doubanio.com/lpic/s3666958.jpg
弗朗西斯・卡法克斯女士失踪案,9.1,英国,剧情,https://movie.douban.com/subject/4047130/,https://img3.doubanio.com/lpic/s3732060.jpg
炼狱,9.1,英国,剧情,https://movie.douban.com/subject/4047130/,https://img3.doubanio.com/view/photo/s_ratio_poster/public/p2403960244.jpg
临时演员圣诞特辑,9.1,英国,剧情,https://movie.douban.com/subject/4047130/,https://img3.doubanio.com/lpic/s3914200.jpg
街头友爱之情,9.1,英国,剧情,https://movie.douban.com/subject/4047130/,https://img3.doubanio.com/lpic/s3723040.jpg
战马,9.1,英国,剧情,https://movie.douban.com/subject/4047130/,https://img3.doubanio.com/view/photo/s_ratio_poster/public/p2172204665.jpg
出租车司机冒险记,9.1,英国,剧情,https://movie.douban.com/subject/4047130/,https://img3.doubanio.com/view/photo/s_ratio_poster/public/p2502580762.jpg
后街男孩：二十年全记录,9.0,英国,剧情,https://movie.douban.com/subject/4047130/,https://img3.doubanio.com/view/photo/s_ratio_poster/public/p2217658986.jpg
水獭塔卡,9.1,英国,剧情,https://movie.douban.com/subject/4047130/,https://img3.doubanio.com/view/photo/s_ratio_poster/public/p2190708371.jpg
怒海英雄：忠诚,9.1,英国,剧情,https://movie.douban.com/subject/4047130/,https://img3.doubanio.com/view/photo/s_ratio_poster/public/p2325137626.jpg
怒海英雄：叛乱,9.1,英国,剧情,https://movie.douban.com/subject/4047130/,https://img1.doubanio.com/lpic/s1832238.jpg
贝尔斯通之狐,9.1,英国,剧情,https://movie.douban.com/subject/4047130/,https://img1.doubanio.com/view/photo/s_ratio_poster/public/p2496732019.jpg
影子大地,9.1,英国,剧情,https://movie.douban.com/subject/4047130/,https://img3.doubanio.com/view/photo/s_ratio_poster/public/p2427877973.jpg
神秘博士圣诞时刻,9.1,英国,剧情,https://movie.douban.com/subject/4047130/,https://img3.doubanio.com/lpic/s24976003.jpg
歌唱神探,9.1,英国,剧情,https://movie.douban.com/subject/4047130/,https://img3.doubanio.com/lpic/s4178164.jpg
少年派的奇幻漂流,9.0,英国,剧情,https://movie.douban.com/subject/4047130/,https://img3.doubanio.com/view/photo/s_ratio_poster/public/p1784592701.jpg
蝙蝠侠：黑暗骑士,9.0,英国,剧情,https://movie.douban.com/subject/4047130/,https://img3.doubanio.com/view/photo/s_ratio_poster/public/p462657443.jpg
两杆大烟枪,9.0,英国,剧情,https://movie.douban.com/subject/4047130/,https://img1.doubanio.com/view/photo/s_ratio_poster/public/p792443418.jpg
钢琴家,9.0,英国,剧情,https://movie.douban.com/subject/4047130/,https://img3.doubanio.com/view/photo/s_ratio_poster/public/p792484461.jpg
远在天边,9.0,英国,剧情,https://movie.douban.com/subject/4047130/,https://img3.doubanio.com/view/photo/s_ratio_poster/public/p2249033592.jpg
神探夏洛克：福至如归,9.0,英国,剧情,https://movie.douban.com/subject/4047130/,https://img3.doubanio.com/view/photo/s_ratio_poster/public/p2412522760.jpg
神秘博士：火星之水,9.0,英国,剧情,https://movie.douban.com/subject/4047130/,https://img3.doubanio.com/view/photo/s_ratio_poster/public/p2151616662.jpg
流浪者之歌,9.0,英国,剧情,https://movie.douban.com/subject/4047130/,https://img3.doubanio.com/view/photo/s_ratio_poster/public/p2267333084.jpg
特里・普拉切特：选择死亡,9.0,英国,剧情,https://movie.douban.com/subject/4047130/,https://img3.doubanio.com/view/photo/s_ratio_poster/public/p2228172754.jpg
福尔摩斯：跳舞的人,9.0,英国,剧情,https://movie.douban.com/subject/4047130/,https://img3.doubanio.com/lpic/s3662420.jpg
四签名,9.0,英国,剧情,https://movie.douban.com/subject/4047130/,https://img3.doubanio.com/lpic/s3662874.jpg
格兰其庄园,9.0,英国,剧情,https://movie.douban.com/subject/4047130/,https://img3.doubanio.com/lpic/s3662865.jpg
北大西洋,9.0,英国,剧情,https://movie.douban.com/subject/4047130/,https://img1.doubanio.com/lpic/s11180939.jpg
彩虹,9.0,英国,剧情,https://movie.douban.com/subject/4047130/,https://img3.doubanio.com/view/photo/s_ratio_poster/public/p503390374.jpg
呼叫助产士：2014圣诞特别篇,9.0,英国,剧情,https://movie.douban.com/subject/4047130/,https://img1.doubanio.com/view/photo/s_ratio_poster/public/p2259011769.jpg
怒海英雄：火攻船,9.0,英国,剧情,https://movie.douban.com/subject/4047130/,https://img3.doubanio.com/view/photo/s_ratio_poster/public/p2278610371.jpg
怒海英雄：公爵夫人与恶魔,9.0,英国,剧情,https://movie.douban.com/subject/4047130/,https://img3.doubanio.com/view/photo/s_ratio_poster/public/p2278607774.jpg
乔治・奥威尔：影像人生,9.0,英国,剧情,https://movie.douban.com/subject/4047130/,https://img1.doubanio.com/view/photo/s_ratio_poster/public/p2495851367.jpg
莫扎特 歌剧《唐・乔万尼》（唐璜）,9.0,英国,剧情,https://movie.douban.com/subject/4047130/,https://img3.doubanio.com/lpic/s1812251.jpg
胡桃夹子,9.0,英国,剧情,https://movie.douban.com/subject/4047130/,https://img3.doubanio.com/lpic/s3264335.jpg
歌厅,9.0,英国,剧情,https://movie.douban.com/subject/4047130/,https://img3.doubanio.com/lpic/s8807056.jpg
这个杀手不太冷,9.4,法国,剧情,https://movie.douban.com/subject/24706615/,https://img3.doubanio.com/view/photo/s_ratio_poster/public/p511118051.jpg
巴黎圣母院,9.3,法国,剧情,https://movie.douban.com/subject/24706615/,https://img3.doubanio.com/view/photo/s_ratio_poster/public/p2329626263.jpg
The Work of Director Michel Gondry,9.3,法国,剧情,https://movie.douban.com/subject/24706615/,https://img3.doubanio.com/lpic/s1408962.jpg
罗密欧与朱丽叶,9.3,法国,剧情,https://movie.douban.com/subject/24706615/,https://img3.doubanio.com/view/photo/s_ratio_poster/public/p2224933614.jpg
土豆工厂,9.3,法国,剧情,https://movie.douban.com/subject/24706615/,https://img3.doubanio.com/view/photo/s_ratio_poster/public/p2233036824.jpg
冰上卡门,9.3,法国,剧情,https://movie.douban.com/subject/24706615/,https://img3.doubanio.com/lpic/s4044014.jpg
放牛班的春天,9.2,法国,剧情,https://movie.douban.com/subject/24706615/,https://img3.doubanio.com/view/photo/s_ratio_poster/public/p1910824951.jpg
调音师,9.2,法国,剧情,https://movie.douban.com/subject/24706615/,https://img1.doubanio.com/view/photo/s_ratio_poster/public/p1529066859.jpg
洞,9.2,法国,剧情,https://movie.douban.com/subject/24706615/,https://img3.doubanio.com/view/photo/s_ratio_poster/public/p1184780820.jpg
请以你的名字呼唤我,9.2,法国,剧情,https://movie.douban.com/subject/24706615/,https://img3.doubanio.com/view/photo/s_ratio_poster/public/p2505525050.jpg
触不可及,9.1,法国,剧情,https://movie.douban.com/subject/24706615/,https://img3.doubanio.com/view/photo/s_ratio_poster/public/p1454261925.jpg
天堂电影院,9.1,法国,剧情,https://movie.douban.com/subject/24706615/,https://img3.doubanio.com/view/photo/s_ratio_poster/public/p1910901025.jpg
雇佣人生,9.1,法国,剧情,https://movie.douban.com/subject/24706615/,https://img3.doubanio.com/view/photo/s_ratio_poster/public/p2027109343.jpg
地下,9.1,法国,剧情,https://movie.douban.com/subject/24706615/,https://img3.doubanio.com/view/photo/s_ratio_poster/public/p1833776334.jpg
熊的故事,9.1,法国,剧情,https://movie.douban.com/subject/24706615/,https://img3.doubanio.com/view/photo/s_ratio_poster/public/p2454268056.jpg
卡门,9.1,法国,剧情,https://movie.douban.com/subject/24706615/,https://img3.doubanio.com/view/photo/s_ratio_poster/public/p2500317262.jpg
阿德尔曼夫妇,9.1,法国,剧情,https://movie.douban.com/subject/24706615/,https://img3.doubanio.com/view/photo/s_ratio_poster/public/p2417978591.jpg
奥菲欧与尤丽狄茜,9.1,法国,剧情,https://movie.douban.com/subject/24706615/,https://img3.doubanio.com/view/photo/s_ratio_poster/public/p2186607455.jpg
钢琴家,9.0,法国,剧情,https://movie.douban.com/subject/24706615/,https://img3.doubanio.com/view/photo/s_ratio_poster/public/p792484461.jpg
精神分裂症,9.0,法国,剧情,https://movie.douban.com/subject/24706615/,https://img3.doubanio.com/view/photo/s_ratio_poster/public/p857148064.jpg
沉静如海,9.0,法国,剧情,https://movie.douban.com/subject/24706615/,https://img3.doubanio.com/view/photo/s_ratio_poster/public/p2365157916.jpg
卡比利亚之夜,9.0,法国,剧情,https://movie.douban.com/subject/24706615/,https://img3.doubanio.com/view/photo/s_ratio_poster/public/p922159253.jpg
宝琳和宝莱特,9.0,法国,剧情,https://movie.douban.com/subject/24706615/,https://img3.doubanio.com/lpic/s1627894.jpg
悲惨世界,9.0,法国,剧情,https://movie.douban.com/subject/24706615/,https://img3.doubanio.com/lpic/s1992371.jpg
金球,9.0,法国,剧情,https://movie.douban.com/subject/24706615/,https://img1.doubanio.com/view/photo/s_ratio_poster/public/p2251344879.jpg
疯马秀,9.0,法国,剧情,https://movie.douban.com/subject/24706615/,https://img1.doubanio.com/view/photo/s_ratio_poster/public/p2154959558.jpg
伊丽莎白,9.6,德国,剧情,https://movie.douban.com/subject/1299379/,https://img3.doubanio.com/view/photo/s_ratio_poster/public/p2264336223.jpg
Christina Aguilera: Back to Basics - Live and Down Under,9.4,德国,剧情,https://movie.douban.com/subject/1299379/,https://img3.doubanio.com/view/photo/s_ratio_poster/public/p2498697744.jpg
冰上卡门,9.3,德国,剧情,https://movie.douban.com/subject/1299379/,https://img3.doubanio.com/lpic/s4044014.jpg
放牛班的春天,9.2,德国,剧情,https://movie.douban.com/subject/1299379/,https://img3.doubanio.com/view/photo/s_ratio_poster/public/p1910824951.jpg
塞维利亚的理发师,9.2,德国,剧情,https://movie.douban.com/subject/1299379/,https://img3.doubanio.com/lpic/s1643193.jpg
祖母的照相馆,9.2,德国,剧情,https://movie.douban.com/subject/1299379/,https://img3.doubanio.com/view/photo/s_ratio_poster/public/p1659366674.jpg
布兰诗歌,9.2,德国,剧情,https://movie.douban.com/subject/1299379/,https://img3.doubanio.com/lpic/s3764132.jpg
窃听风暴,9.1,德国,剧情,https://movie.douban.com/subject/1299379/,https://img1.doubanio.com/view/photo/s_ratio_poster/public/p1808872109.jpg
地下,9.1,德国,剧情,https://movie.douban.com/subject/1299379/,https://img3.doubanio.com/view/photo/s_ratio_poster/public/p1833776334.jpg
纽伦堡的审判,9.1,德国,剧情,https://movie.douban.com/subject/1299379/,https://img3.doubanio.com/view/photo/s_ratio_poster/public/p922207281.jpg
费加罗的婚礼,9.1,德国,剧情,https://movie.douban.com/subject/1299379/,https://img1.doubanio.com/view/photo/s_ratio_poster/public/p2272483089.jpg
奥菲欧与尤丽狄茜,9.1,德国,剧情,https://movie.douban.com/subject/1299379/,https://img3.doubanio.com/view/photo/s_ratio_poster/public/p2186607455.jpg
金秋：与时间赛跑,9.1,德国,剧情,https://movie.douban.com/subject/1299379/,https://img3.doubanio.com/lpic/s7020675.jpg
钢琴家,9.0,德国,剧情,https://movie.douban.com/subject/1299379/,https://img3.doubanio.com/view/photo/s_ratio_poster/public/p792484461.jpg
平衡,9.0,德国,剧情,https://movie.douban.com/subject/1299379/,https://img1.doubanio.com/view/photo/s_ratio_poster/public/p2454473678.jpg
沉静如海,9.0,德国,剧情,https://movie.douban.com/subject/1299379/,https://img3.doubanio.com/view/photo/s_ratio_poster/public/p2365157916.jpg
从海底出击,9.0,德国,剧情,https://movie.douban.com/subject/1299379/,https://img3.doubanio.com/view/photo/s_ratio_poster/public/p2088879323.jpg
威尔第 歌剧电影《弄臣》,9.0,德国,剧情,https://movie.douban.com/subject/1299379/,https://img3.doubanio.com/lpic/s1459982.jpg
莱茵的黄金,9.0,德国,剧情,https://movie.douban.com/subject/1299379/,https://img3.doubanio.com/lpic/s2670595.jpg
美丽人生,9.5,意大利,剧情,https://movie.douban.com/subject/1877242/,https://img3.doubanio.com/view/photo/s_ratio_poster/public/p510861873.jpg
灿烂人生,9.3,意大利,剧情,https://movie.douban.com/subject/1877242/,https://img3.doubanio.com/view/photo/s_ratio_poster/public/p1161132422.jpg
海上钢琴师,9.2,意大利,剧情,https://movie.douban.com/subject/1877242/,https://img1.doubanio.com/view/photo/s_ratio_poster/public/p511146807.jpg
洞,9.2,意大利,剧情,https://movie.douban.com/subject/1877242/,https://img3.doubanio.com/view/photo/s_ratio_poster/public/p1184780820.jpg
请以你的名字呼唤我,9.2,意大利,剧情,https://movie.douban.com/subject/1877242/,https://img3.doubanio.com/view/photo/s_ratio_poster/public/p2505525050.jpg
塞维利亚的理发师,9.2,意大利,剧情,https://movie.douban.com/subject/1877242/,https://img3.doubanio.com/lpic/s1643193.jpg
天堂电影院,9.1,意大利,剧情,https://movie.douban.com/subject/1877242/,https://img3.doubanio.com/view/photo/s_ratio_poster/public/p1910901025.jpg
美国往事,9.1,意大利,剧情,https://movie.douban.com/subject/1877242/,https://img1.doubanio.com/view/photo/s_ratio_poster/public/p477229647.jpg
黄金三镖客,9.1,意大利,剧情,https://movie.douban.com/subject/1877242/,https://img1.doubanio.com/view/photo/s_ratio_poster/public/p2101693489.jpg
革命往事,9.1,意大利,剧情,https://movie.douban.com/subject/1877242/,https://img1.doubanio.com/view/photo/s_ratio_poster/public/p2206010357.jpg
费加罗的婚礼,9.1,意大利,剧情,https://movie.douban.com/subject/1877242/,https://img1.doubanio.com/view/photo/s_ratio_poster/public/p2272483089.jpg
卡比利亚之夜,9.0,意大利,剧情,https://movie.douban.com/subject/1877242/,https://img3.doubanio.com/view/photo/s_ratio_poster/public/p922159253.jpg
流浪者之歌,9.0,意大利,剧情,https://movie.douban.com/subject/1877242/,https://img3.doubanio.com/view/photo/s_ratio_poster/public/p2267333084.jpg
海蒂,9.0,意大利,剧情,https://movie.douban.com/subject/1877242/,https://img3.doubanio.com/view/photo/s_ratio_poster/public/p2270779943.jpg
威尔第 歌剧电影《弄臣》,9.0,意大利,剧情,https://movie.douban.com/subject/1877242/,https://img3.doubanio.com/lpic/s1459982.jpg
铁路员工,8.9,意大利,剧情,https://movie.douban.com/subject/1877242/,https://img3.doubanio.com/view/photo/s_ratio_poster/public/p2417257193.jpg
莫扎特 歌剧《唐・乔万尼》（唐璜）,9.0,意大利,剧情,https://movie.douban.com/subject/1877242/,https://img3.doubanio.com/lpic/s1812251.jpg
塔可夫斯基的潜行者,9.5,西班牙,剧情,https://movie.douban.com/subject/1401118/,https://img3.doubanio.com/view/photo/s_ratio_poster/public/p2153601890.jpg
黄金三镖客,9.1,西班牙,剧情,https://movie.douban.com/subject/1401118/,https://img1.doubanio.com/view/photo/s_ratio_poster/public/p2101693489.jpg
三傻大闹宝莱坞,9.1,印度,剧情,https://movie.douban.com/subject/26387939/,https://img3.doubanio.com/view/photo/s_ratio_poster/public/p579729551.jpg
摔跤吧！爸爸,9.1,印度,剧情,https://movie.douban.com/subject/26387939/,https://img3.doubanio.com/view/photo/s_ratio_poster/public/p2457983084.jpg
塔可夫斯基的潜行者,9.5,俄罗斯,剧情,https://movie.douban.com/subject/4040438/,https://img3.doubanio.com/view/photo/s_ratio_poster/public/p2153601890.jpg
战争与和平3：1812年,9.2,俄罗斯,剧情,https://movie.douban.com/subject/4040438/,https://img3.doubanio.com/lpic/s2891696.jpg
战争与和平4：皮埃尔・别祖霍夫,9.2,俄罗斯,剧情,https://movie.douban.com/subject/4040438/,https://img1.doubanio.com/lpic/s2891698.jpg
青春禁忌游戏,9.2,俄罗斯,剧情,https://movie.douban.com/subject/4040438/,https://img3.doubanio.com/lpic/s7063443.jpg
小猫虎子,9.1,俄罗斯,剧情,https://movie.douban.com/subject/4040438/,https://img1.doubanio.com/view/photo/s_ratio_poster/public/p2376412788.jpg
战争与和平2：娜塔莎・罗斯托娃,9.1,俄罗斯,剧情,https://movie.douban.com/subject/4040438/,https://img3.doubanio.com/lpic/s11185314.jpg
士兵之歌,9.0,俄罗斯,剧情,https://movie.douban.com/subject/4040438/,https://img1.doubanio.com/view/photo/s_ratio_poster/public/p806332287.jpg
我是古巴,9.0,俄罗斯,剧情,https://movie.douban.com/subject/4040438/,https://img3.doubanio.com/view/photo/s_ratio_poster/public/p2232357924.jpg
白比姆黑耳朵,9.0,俄罗斯,剧情,https://movie.douban.com/subject/4040438/,https://img1.doubanio.com/lpic/s1483487.jpg
战争与和平1：安德烈・博尔孔斯基,9.0,俄罗斯,剧情,https://movie.douban.com/subject/4040438/,https://img3.doubanio.com/lpic/s11185313.jpg
喀山孤,9.0,俄罗斯,剧情,https://movie.douban.com/subject/4040438/,https://img3.doubanio.com/lpic/s3982254.jpg
小鞋子,9.2,伊朗,剧情,https://movie.douban.com/subject/1303021/,https://img3.doubanio.com/view/photo/s_ratio_poster/public/p2173580603.jpg
清秀佳人第二部,9.2,加拿大,剧情,https://movie.douban.com/subject/1971485/,https://img1.doubanio.com/lpic/s9042667.jpg
太阳马戏团：魔幻森林,9.2,加拿大,剧情,https://movie.douban.com/subject/1971485/,https://img3.doubanio.com/lpic/s1463631.jpg
星际穿越,9.1,加拿大,剧情,https://movie.douban.com/subject/1971485/,https://img3.doubanio.com/view/photo/s_ratio_poster/public/p2206088801.jpg
车轮不息,9.1,加拿大,剧情,https://movie.douban.com/subject/1971485/,https://img3.doubanio.com/view/photo/s_ratio_poster/public/p1820625966.jpg
小丘月圆,9.1,加拿大,剧情,https://movie.douban.com/subject/1971485/,https://img3.doubanio.com/view/photo/s_ratio_poster/public/p2334104591.jpg
大海的孩子,9.1,加拿大,剧情,https://movie.douban.com/subject/1971485/,https://img3.doubanio.com/view/photo/s_ratio_poster/public/p2206274006.jpg
少年派的奇幻漂流,9.0,加拿大,剧情,https://movie.douban.com/subject/1971485/,https://img3.doubanio.com/view/photo/s_ratio_poster/public/p1784592701.jpg
彩虹,9.0,加拿大,剧情,https://movie.douban.com/subject/1971485/,https://img3.doubanio.com/view/photo/s_ratio_poster/public/p503390374.jpg
土豆工厂,9.3,澳大利亚,剧情,https://movie.douban.com/subject/26793157/,https://img3.doubanio.com/view/photo/s_ratio_poster/public/p2233036824.jpg
奥菲欧与尤丽狄茜,9.1,澳大利亚,剧情,https://movie.douban.com/subject/26793157/,https://img3.doubanio.com/view/photo/s_ratio_poster/public/p2186607455.jpg
负重前行,9.0,澳大利亚,剧情,https://movie.douban.com/subject/26793157/,https://img1.doubanio.com/view/photo/s_ratio_poster/public/p2495304867.jpg
Arch Enemy: Tyrants of the Rising Sun,9.6,瑞典,剧情,https://movie.douban.com/subject/6539394/,https://img3.doubanio.com/lpic/s4078391.jpg
爱玛和丹尼尔的夏天,9.2,瑞典,剧情,https://movie.douban.com/subject/6539394/,https://img1.doubanio.com/lpic/s2704847.jpg
狩猎,9.0,瑞典,剧情,https://movie.douban.com/subject/6539394/,https://img1.doubanio.com/view/photo/s_ratio_poster/public/p1546987967.jpg
后院,9.0,瑞典,剧情,https://movie.douban.com/subject/6539394/,https://img3.doubanio.com/lpic/s6938232.jpg
请以你的名字呼唤我,9.2,巴西,剧情,https://movie.douban.com/subject/20443027/,https://img3.doubanio.com/view/photo/s_ratio_poster/public/p2505525050.jpg
垃圾场中仙乐扬,9.1,巴西,剧情,https://movie.douban.com/subject/20443027/,https://img3.doubanio.com/view/photo/s_ratio_poster/public/p2282366003.jpg
狩猎,9.0,丹麦,剧情,https://movie.douban.com/subject/1769053/,https://img1.doubanio.com/view/photo/s_ratio_poster/public/p1546987967.jpg
克拉姆一家,9.0,丹麦,剧情,https://movie.douban.com/subject/1769053/,https://img3.doubanio.com/lpic/s1646160.jpg
牡丹亭,9.4,大陆,文艺,https://movie.douban.com/subject/4728534/,https://img1.doubanio.com/view/photo/s_ratio_poster/public/p2365538258.jpg
许巍：此时此刻,9.4,大陆,文艺,https://movie.douban.com/subject/4728534/,https://img3.doubanio.com/view/photo/s_ratio_poster/public/p2037823701.jpg
荒山泪,9.4,大陆,文艺,https://movie.douban.com/subject/4728534/,https://img3.doubanio.com/view/photo/s_ratio_poster/public/p1945500364.jpg
齐天乐,9.2,大陆,文艺,https://movie.douban.com/subject/4728534/,https://img3.doubanio.com/view/photo/s_ratio_poster/public/p1625056904.jpg
游园惊梦,9.1,大陆,文艺,https://movie.douban.com/subject/4728534/,https://img3.doubanio.com/view/photo/s_ratio_poster/public/p2391649272.jpg
一磅肉,9.1,大陆,文艺,https://movie.douban.com/subject/4728534/,https://img3.doubanio.com/view/photo/s_ratio_poster/public/p2342489640.jpg
红娘,9.1,大陆,文艺,https://movie.douban.com/subject/4728534/,https://img3.doubanio.com/view/photo/s_ratio_poster/public/p2223210236.jpg
阿甘正传,9.4,美国,文艺,https://movie.douban.com/subject/3098288/,https://img1.doubanio.com/view/photo/s_ratio_poster/public/p510876377.jpg
大河之舞1995,9.4,美国,文艺,https://movie.douban.com/subject/3098288/,https://img1.doubanio.com/lpic/s2372848.jpg
指挥的艺术,9.4,美国,文艺,https://movie.douban.com/subject/3098288/,https://img3.doubanio.com/lpic/s2680252.jpg
60亿其他人,9.4,美国,文艺,https://movie.douban.com/subject/3098288/,https://img3.doubanio.com/lpic/s4689961.jpg
诱惑乐队,9.3,美国,文艺,https://movie.douban.com/subject/3098288/,https://img3.doubanio.com/lpic/s2572066.jpg
Pretty Sweet,9.3,美国,文艺,https://movie.douban.com/subject/3098288/,https://img3.doubanio.com/view/photo/s_ratio_poster/public/p2184540874.jpg
海上钢琴师,9.2,美国,文艺,https://movie.douban.com/subject/3098288/,https://img1.doubanio.com/view/photo/s_ratio_poster/public/p511146807.jpg
忠犬八公的故事,9.2,美国,文艺,https://movie.douban.com/subject/3098288/,https://img3.doubanio.com/view/photo/s_ratio_poster/public/p524964016.jpg
乱世佳人,9.2,美国,文艺,https://movie.douban.com/subject/3098288/,https://img3.doubanio.com/view/photo/s_ratio_poster/public/p1963126880.jpg
请以你的名字呼唤我,9.2,美国,文艺,https://movie.douban.com/subject/3098288/,https://img3.doubanio.com/view/photo/s_ratio_poster/public/p2505525050.jpg
A Very Gaga Thanksgiving,9.2,美国,文艺,https://movie.douban.com/subject/3098288/,https://img1.doubanio.com/lpic/s7009578.jpg
诺拉・琼斯新奥尔良现场,9.2,美国,文艺,https://movie.douban.com/subject/3098288/,https://img3.doubanio.com/lpic/s1448370.jpg
触不可及,9.1,美国,文艺,https://movie.douban.com/subject/3098288/,https://img3.doubanio.com/view/photo/s_ratio_poster/public/p1454261925.jpg
饮食男女,9.1,美国,文艺,https://movie.douban.com/subject/3098288/,https://img3.doubanio.com/view/photo/s_ratio_poster/public/p1910899751.jpg
我们都为比尔着盛装,9.1,美国,文艺,https://movie.douban.com/subject/3098288/,https://img1.doubanio.com/view/photo/s_ratio_poster/public/p821582577.jpg
Fade to Red,9.1,美国,文艺,https://movie.douban.com/subject/3098288/,https://img1.doubanio.com/lpic/s1645948.jpg
约翰列侬精选,9.2,美国,文艺,https://movie.douban.com/subject/3098288/,https://img3.doubanio.com/lpic/s24971355.jpg
演员工作室：安东尼・霍普金斯,9.1,美国,文艺,https://movie.douban.com/subject/3098288/,https://img3.doubanio.com/lpic/s4378635.jpg
少年派的奇幻漂流,9.0,美国,文艺,https://movie.douban.com/subject/3098288/,https://img3.doubanio.com/view/photo/s_ratio_poster/public/p1784592701.jpg
飞越疯人院,9.0,美国,文艺,https://movie.douban.com/subject/3098288/,https://img1.doubanio.com/view/photo/s_ratio_poster/public/p792238287.jpg
月神,9.0,美国,文艺,https://movie.douban.com/subject/3098288/,https://img1.doubanio.com/view/photo/s_ratio_poster/public/p1605699709.jpg
这一场冒险,9.0,美国,文艺,https://movie.douban.com/subject/3098288/,https://img3.doubanio.com/view/photo/s_ratio_poster/public/p2231701204.jpg
霸王别姬,9.5,香港,文艺,https://movie.douban.com/subject/3543679/,https://img3.doubanio.com/view/photo/s_ratio_poster/public/p1910813120.jpg
60亿其他人,9.4,香港,文艺,https://movie.douban.com/subject/3543679/,https://img3.doubanio.com/lpic/s4689961.jpg
南海十三郎,9.1,香港,文艺,https://movie.douban.com/subject/3543679/,https://img1.doubanio.com/view/photo/s_ratio_poster/public/p2328424489.jpg
一磅肉,9.1,香港,文艺,https://movie.douban.com/subject/3543679/,https://img3.doubanio.com/view/photo/s_ratio_poster/public/p2342489640.jpg
60亿其他人,9.4,台湾,文艺,https://movie.douban.com/subject/1929463/,https://img3.doubanio.com/lpic/s4689961.jpg
饮食男女,9.1,台湾,文艺,https://movie.douban.com/subject/1929463/,https://img3.doubanio.com/view/photo/s_ratio_poster/public/p1910899751.jpg
少年派的奇幻漂流,9.0,台湾,文艺,https://movie.douban.com/subject/1929463/,https://img3.doubanio.com/view/photo/s_ratio_poster/public/p1784592701.jpg
东京物语,9.2,日本,文艺,https://movie.douban.com/subject/6902342/,https://img3.doubanio.com/view/photo/s_ratio_poster/public/p1910832390.jpg
情迷意乱,9.1,日本,文艺,https://movie.douban.com/subject/6902342/,https://img3.doubanio.com/view/photo/s_ratio_poster/public/p1449763371.jpg
日本之形,9.1,日本,文艺,https://movie.douban.com/subject/6902342/,https://img3.doubanio.com/lpic/s2413380.jpg
无人知晓,9.0,日本,文艺,https://movie.douban.com/subject/6902342/,https://img3.doubanio.com/view/photo/s_ratio_poster/public/p661160053.jpg
放浪男孩OVA 告白 ～Each Seasons～,9.0,日本,文艺,https://movie.douban.com/subject/6902342/,https://img1.doubanio.com/lpic/s6975477.jpg
我爱你,9.0,韩国,文艺,https://movie.douban.com/subject/5908478/,https://img1.doubanio.com/view/photo/s_ratio_poster/public/p1075591188.jpg
绅士联盟舞台剧,9.6,英国,文艺,https://movie.douban.com/subject/1929463/,https://img3.doubanio.com/view/photo/s_ratio_poster/public/p2235065102.jpg
大河之舞1995,9.4,英国,文艺,https://movie.douban.com/subject/1929463/,https://img1.doubanio.com/lpic/s2372848.jpg
胡桃夹子,9.4,英国,文艺,https://movie.douban.com/subject/1929463/,https://img3.doubanio.com/lpic/s3593371.jpg
女王召见,9.3,英国,文艺,https://movie.douban.com/subject/1929463/,https://img3.doubanio.com/view/photo/s_ratio_poster/public/p2119628656.jpg
怪鱼,9.3,英国,文艺,https://movie.douban.com/subject/1929463/,https://img3.doubanio.com/lpic/s3963974.jpg
忠犬八公的故事,9.2,英国,文艺,https://movie.douban.com/subject/1929463/,https://img3.doubanio.com/view/photo/s_ratio_poster/public/p524964016.jpg
危险关系,9.2,英国,文艺,https://movie.douban.com/subject/1929463/,https://img3.doubanio.com/view/photo/s_ratio_poster/public/p2328681271.jpg
寻找小糖人,9.1,英国,文艺,https://movie.douban.com/subject/1929463/,https://img3.doubanio.com/view/photo/s_ratio_poster/public/p1741882642.jpg
Belle & Sebastian - Fans Only,9.1,英国,文艺,https://movie.douban.com/subject/1929463/,https://img3.doubanio.com/lpic/s3160084.jpg
影子大地,9.1,英国,文艺,https://movie.douban.com/subject/1929463/,https://img3.doubanio.com/view/photo/s_ratio_poster/public/p2427877973.jpg
少年派的奇幻漂流,9.0,英国,文艺,https://movie.douban.com/subject/1929463/,https://img3.doubanio.com/view/photo/s_ratio_poster/public/p1784592701.jpg
里赫特：谜,9.5,法国,文艺,https://movie.douban.com/subject/3134269/,https://img1.doubanio.com/lpic/s1787369.jpg
这个杀手不太冷,9.4,法国,文艺,https://movie.douban.com/subject/3134269/,https://img3.doubanio.com/view/photo/s_ratio_poster/public/p511118051.jpg
法国美食短片,9.4,法国,文艺,https://movie.douban.com/subject/3134269/,https://img3.doubanio.com/view/photo/s_ratio_poster/public/p2266906955.jpg
胡桃夹子,9.4,法国,文艺,https://movie.douban.com/subject/3134269/,https://img3.doubanio.com/lpic/s3593371.jpg
60亿其他人,9.4,法国,文艺,https://movie.douban.com/subject/3134269/,https://img3.doubanio.com/lpic/s4689961.jpg
巴黎圣母院,9.3,法国,文艺,https://movie.douban.com/subject/3134269/,https://img3.doubanio.com/view/photo/s_ratio_poster/public/p2329626263.jpg
放牛班的春天,9.2,法国,文艺,https://movie.douban.com/subject/3134269/,https://img3.doubanio.com/view/photo/s_ratio_poster/public/p1910824951.jpg
请以你的名字呼唤我,9.2,法国,文艺,https://movie.douban.com/subject/3134269/,https://img3.doubanio.com/view/photo/s_ratio_poster/public/p2505525050.jpg
仙女,9.2,法国,文艺,https://movie.douban.com/subject/3134269/,https://img3.doubanio.com/lpic/s2581461.jpg
触不可及,9.1,法国,文艺,https://movie.douban.com/subject/3134269/,https://img3.doubanio.com/view/photo/s_ratio_poster/public/p1454261925.jpg
天堂电影院,9.1,法国,文艺,https://movie.douban.com/subject/3134269/,https://img3.doubanio.com/view/photo/s_ratio_poster/public/p1910901025.jpg
迁徙的鸟,9.1,法国,文艺,https://movie.douban.com/subject/3134269/,https://img1.doubanio.com/view/photo/s_ratio_poster/public/p2238274168.jpg
雇佣人生,9.1,法国,文艺,https://movie.douban.com/subject/3134269/,https://img3.doubanio.com/view/photo/s_ratio_poster/public/p2027109343.jpg
我们都为比尔着盛装,9.1,法国,文艺,https://movie.douban.com/subject/3134269/,https://img1.doubanio.com/view/photo/s_ratio_poster/public/p821582577.jpg
精神分裂症,9.0,法国,文艺,https://movie.douban.com/subject/3134269/,https://img3.doubanio.com/view/photo/s_ratio_poster/public/p857148064.jpg
沉静如海,9.0,法国,文艺,https://movie.douban.com/subject/3134269/,https://img3.doubanio.com/view/photo/s_ratio_poster/public/p2365157916.jpg
一路平安,9.0,法国,文艺,https://movie.douban.com/subject/3134269/,https://img3.doubanio.com/view/photo/s_ratio_poster/public/p2215638675.jpg
金球,9.0,法国,文艺,https://movie.douban.com/subject/3134269/,https://img1.doubanio.com/view/photo/s_ratio_poster/public/p2251344879.jpg
我是海尔姆特,9.4,德国,文艺,https://movie.douban.com/subject/4899886/,https://img3.doubanio.com/lpic/s4533690.jpg
60亿其他人,9.4,德国,文艺,https://movie.douban.com/subject/4899886/,https://img3.doubanio.com/lpic/s4689961.jpg
放牛班的春天,9.2,德国,文艺,https://movie.douban.com/subject/4899886/,https://img3.doubanio.com/view/photo/s_ratio_poster/public/p1910824951.jpg
皮娜・鲍什：穆勒咖啡馆,9.2,德国,文艺,https://movie.douban.com/subject/4899886/,https://img1.doubanio.com/view/photo/s_ratio_poster/public/p2121858349.jpg
祖母的照相馆,9.2,德国,文艺,https://movie.douban.com/subject/4899886/,https://img3.doubanio.com/view/photo/s_ratio_poster/public/p1659366674.jpg
春之祭,9.2,德国,文艺,https://movie.douban.com/subject/4899886/,https://img3.doubanio.com/lpic/s3629072.jpg
迁徙的鸟,9.1,德国,文艺,https://movie.douban.com/subject/4899886/,https://img1.doubanio.com/view/photo/s_ratio_poster/public/p2238274168.jpg
沉静如海,9.0,德国,文艺,https://movie.douban.com/subject/4899886/,https://img3.doubanio.com/view/photo/s_ratio_poster/public/p2365157916.jpg
六十五岁以上的女士和先生,9.0,德国,文艺,https://movie.douban.com/subject/4899886/,https://img1.doubanio.com/view/photo/s_ratio_poster/public/p2417935308.jpg
美丽人生,9.5,意大利,文艺,https://movie.douban.com/subject/1292281/,https://img3.doubanio.com/view/photo/s_ratio_poster/public/p510861873.jpg
灿烂人生,9.3,意大利,文艺,https://movie.douban.com/subject/1292281/,https://img3.doubanio.com/view/photo/s_ratio_poster/public/p1161132422.jpg
海上钢琴师,9.2,意大利,文艺,https://movie.douban.com/subject/1292281/,https://img1.doubanio.com/view/photo/s_ratio_poster/public/p511146807.jpg
请以你的名字呼唤我,9.2,意大利,文艺,https://movie.douban.com/subject/1292281/,https://img3.doubanio.com/view/photo/s_ratio_poster/public/p2505525050.jpg
天堂电影院,9.1,意大利,文艺,https://movie.douban.com/subject/1292281/,https://img3.doubanio.com/view/photo/s_ratio_poster/public/p1910901025.jpg
迁徙的鸟,9.1,意大利,文艺,https://movie.douban.com/subject/1292281/,https://img1.doubanio.com/view/photo/s_ratio_poster/public/p2238274168.jpg
60亿其他人,9.4,西班牙,文艺,https://movie.douban.com/subject/1292281/,https://img3.doubanio.com/lpic/s4689961.jpg
迁徙的鸟,9.1,西班牙,文艺,https://movie.douban.com/subject/1292281/,https://img1.doubanio.com/view/photo/s_ratio_poster/public/p2238274168.jpg
60亿其他人,9.4,印度,文艺,https://movie.douban.com/subject/5151494/,https://img3.doubanio.com/lpic/s4689961.jpg
里赫特：谜,9.5,俄罗斯,文艺,https://movie.douban.com/subject/3533599/,https://img1.doubanio.com/lpic/s1787369.jpg
胡桃夹子,9.4,俄罗斯,文艺,https://movie.douban.com/subject/3533599/,https://img3.doubanio.com/lpic/s3593371.jpg
60亿其他人,9.4,加拿大,文艺,https://movie.douban.com/subject/1929463/,https://img3.doubanio.com/lpic/s4689961.jpg
少年派的奇幻漂流,9.0,加拿大,文艺,https://movie.douban.com/subject/1929463/,https://img3.doubanio.com/view/photo/s_ratio_poster/public/p1784592701.jpg
60亿其他人,9.4,澳大利亚,文艺,https://movie.douban.com/subject/5151494/,https://img3.doubanio.com/lpic/s4689961.jpg
大河之舞1995,9.4,爱尔兰,文艺,https://movie.douban.com/subject/1835118/,https://img1.doubanio.com/lpic/s2372848.jpg
寻找小糖人,9.1,瑞典,文艺,https://movie.douban.com/subject/7015798/,https://img3.doubanio.com/view/photo/s_ratio_poster/public/p1741882642.jpg
请以你的名字呼唤我,9.2,巴西,文艺,https://movie.douban.com/subject/26799731/,https://img3.doubanio.com/view/photo/s_ratio_poster/public/p2505525050.jpg
鬼子来了,9.2,大陆,喜剧,https://movie.douban.com/subject/3032535/,https://img3.doubanio.com/view/photo/s_ratio_poster/public/p1181775734.jpg
狐妖小红娘剧场版：王权富贵,9.2,大陆,喜剧,https://movie.douban.com/subject/3032535/,https://img3.doubanio.com/view/photo/s_ratio_poster/public/p2409467410.jpg
齐天乐,9.2,大陆,喜剧,https://movie.douban.com/subject/3032535/,https://img3.doubanio.com/view/photo/s_ratio_poster/public/p1625056904.jpg
花为媒,9.1,大陆,喜剧,https://movie.douban.com/subject/3032535/,https://img1.doubanio.com/view/photo/s_ratio_poster/public/p2227822958.jpg
一磅肉,9.1,大陆,喜剧,https://movie.douban.com/subject/3032535/,https://img3.doubanio.com/view/photo/s_ratio_poster/public/p2342489640.jpg
红娘,9.1,大陆,喜剧,https://movie.douban.com/subject/3032535/,https://img3.doubanio.com/view/photo/s_ratio_poster/public/p2223210236.jpg
如此爹娘,9.0,大陆,喜剧,https://movie.douban.com/subject/3032535/,https://img3.doubanio.com/view/photo/s_ratio_poster/public/p2323730451.jpg
小捣蛋,9.7,美国,喜剧,https://movie.douban.com/subject/4893726/,https://img3.doubanio.com/lpic/s4590756.jpg
威尔和格蕾丝 告别秀,9.6,美国,喜剧,https://movie.douban.com/subject/4893726/,https://img1.doubanio.com/view/photo/s_ratio_poster/public/p2408281629.jpg
演员工作室：老爸老妈的浪漫史,9.6,美国,喜剧,https://movie.douban.com/subject/4893726/,https://img3.doubanio.com/view/photo/s_ratio_poster/public/p2176444996.jpg
Wattstax,9.6,美国,喜剧,https://movie.douban.com/subject/4893726/,https://img1.doubanio.com/view/photo/s_ratio_poster/public/p2374623518.jpg
Green Day：圣经上的子弹演唱会,9.5,美国,喜剧,https://movie.douban.com/subject/4893726/,https://img3.doubanio.com/lpic/s3937890.jpg
怪诞小镇特别篇：松林之间,9.5,美国,喜剧,https://movie.douban.com/subject/4893726/,https://img3.doubanio.com/view/photo/s_ratio_poster/public/p2324315416.jpg
创造“哈利`波特”的世界：生物,9.5,美国,喜剧,https://movie.douban.com/subject/4893726/,https://img1.doubanio.com/view/photo/s_ratio_poster/public/p2425167528.jpg
跳出我天地音乐剧,9.5,美国,喜剧,https://movie.douban.com/subject/4893726/,https://img3.doubanio.com/view/photo/s_ratio_poster/public/p2215874393.jpg
杰夫・敦哈姆：星星之火让人抓狂,9.5,美国,喜剧,https://movie.douban.com/subject/4893726/,https://img1.doubanio.com/lpic/s22717849.jpg
威尔和格蕾丝：后台通行证,9.5,美国,喜剧,https://movie.douban.com/subject/4893726/,https://img1.doubanio.com/lpic/s3279208.jpg
滑稽玩偶,9.5,美国,喜剧,https://movie.douban.com/subject/4893726/,https://img3.doubanio.com/lpic/s3742210.jpg
怀旧评论狂,9.5,美国,喜剧,https://movie.douban.com/subject/4893726/,https://img3.doubanio.com/view/photo/s_ratio_poster/public/p2352857712.jpg
哈利同人音乐剧第一部,9.6,美国,喜剧,https://movie.douban.com/subject/4893726/,https://img3.doubanio.com/view/photo/s_ratio_poster/public/p2191854174.jpg
阿甘正传,9.4,美国,喜剧,https://movie.douban.com/subject/4893726/,https://img1.doubanio.com/view/photo/s_ratio_poster/public/p510876377.jpg
福尔摩斯二世,9.4,美国,喜剧,https://movie.douban.com/subject/4893726/,https://img1.doubanio.com/view/photo/s_ratio_poster/public/p2206737207.jpg
吉米・鸡毛逊毙了！马达翻身当主持,9.4,美国,喜剧,https://movie.douban.com/subject/4893726/,https://img3.doubanio.com/view/photo/s_ratio_poster/public/p2315824435.jpg
拽妹黛薇儿要上大学了没,9.4,美国,喜剧,https://movie.douban.com/subject/4893726/,https://img3.doubanio.com/lpic/s2372970.jpg
博弈论,9.4,美国,喜剧,https://movie.douban.com/subject/4893726/,https://img3.doubanio.com/lpic/s4495422.jpg
拜访森林,9.4,美国,喜剧,https://movie.douban.com/subject/4893726/,https://img3.doubanio.com/view/photo/s_ratio_poster/public/p2155898916.jpg
克里斯洛克脱口秀,9.4,美国,喜剧,https://movie.douban.com/subject/4893726/,https://img3.doubanio.com/lpic/s2604291.jpg
聪明狗走天涯,9.4,美国,喜剧,https://movie.douban.com/subject/4893726/,https://img1.doubanio.com/lpic/s1788447.jpg
黑或白,9.4,美国,喜剧,https://movie.douban.com/subject/4893726/,https://img3.doubanio.com/lpic/s3324675.jpg
平方根：海绵宝宝的故事,9.4,美国,喜剧,https://movie.douban.com/subject/4893726/,https://img3.doubanio.com/lpic/s3956255.jpg
南方公园之梦想国度,9.4,美国,喜剧,https://movie.douban.com/subject/4893726/,https://img3.doubanio.com/lpic/s5293436.jpg
snorks,9.4,美国,喜剧,https://movie.douban.com/subject/4893726/,https://img3.doubanio.com/lpic/s1796635.jpg
30 Rock Kidney Now,9.4,美国,喜剧,https://movie.douban.com/subject/4893726/,https://img3.doubanio.com/lpic/s4044946.jpg
机器人总动员,9.3,美国,喜剧,https://movie.douban.com/subject/4893726/,https://img3.doubanio.com/view/photo/s_ratio_poster/public/p449665982.jpg
浪漫小夜曲,9.3,美国,喜剧,https://movie.douban.com/subject/4893726/,https://img1.doubanio.com/view/photo/s_ratio_poster/public/p2458595709.jpg
甜美的老鼠生活,9.3,美国,喜剧,https://movie.douban.com/subject/4893726/,https://img3.doubanio.com/lpic/s8354296.jpg
周六夜现场：贾斯汀・丁伯莱克/Lady Gaga,9.3,美国,喜剧,https://movie.douban.com/subject/4893726/,https://img1.doubanio.com/lpic/s6381587.jpg
The Work of Director Michel Gondry,9.3,美国,喜剧,https://movie.douban.com/subject/4893726/,https://img3.doubanio.com/lpic/s1408962.jpg
绅士流浪汉,9.3,美国,喜剧,https://movie.douban.com/subject/4893726/,https://img1.doubanio.com/view/photo/s_ratio_poster/public/p2177308567.jpg
老鼠在曼哈顿,9.3,美国,喜剧,https://movie.douban.com/subject/4893726/,https://img1.doubanio.com/view/photo/s_ratio_poster/public/p2458339319.jpg
乔治 卡林：王者归来,9.3,美国,喜剧,https://movie.douban.com/subject/4893726/,https://img3.doubanio.com/lpic/s3055516.jpg
室内溜冰场,9.3,美国,喜剧,https://movie.douban.com/subject/4893726/,https://img3.doubanio.com/lpic/s8912836.jpg
周六夜现场,9.3,美国,喜剧,https://movie.douban.com/subject/4893726/,https://img3.doubanio.com/lpic/s6644084.jpg
Russell Peters: Two Concerts/One Ticket,9.3,美国,喜剧,https://movie.douban.com/subject/4893726/,https://img1.doubanio.com/lpic/s4699657.jpg
辛普森一家：颁奖季,9.3,美国,喜剧,https://movie.douban.com/subject/4893726/,https://img3.doubanio.com/lpic/s4659476.jpg
查理布朗男孩,9.3,美国,喜剧,https://movie.douban.com/subject/4893726/,https://img1.doubanio.com/view/photo/s_ratio_poster/public/p577559527.jpg
伙伴们,9.3,美国,喜剧,https://movie.douban.com/subject/4893726/,https://img3.doubanio.com/lpic/s6620364.jpg
土豆工厂,9.3,美国,喜剧,https://movie.douban.com/subject/4893726/,https://img3.doubanio.com/view/photo/s_ratio_poster/public/p2233036824.jpg
Rocky Horror Tribute Show,9.3,美国,喜剧,https://movie.douban.com/subject/4893726/,https://img3.doubanio.com/lpic/s3598686.jpg
疯狂动物城,9.2,美国,喜剧,https://movie.douban.com/subject/4893726/,https://img1.doubanio.com/view/photo/s_ratio_poster/public/p2315672647.jpg
寻梦环游记,9.1,美国,喜剧,https://movie.douban.com/subject/4893726/,https://img1.doubanio.com/view/photo/s_ratio_poster/public/p2503997609.jpg
摩登时代,9.2,美国,喜剧,https://movie.douban.com/subject/4893726/,https://img3.doubanio.com/view/photo/s_ratio_poster/public/p2173707976.jpg
城市之光,9.2,美国,喜剧,https://movie.douban.com/subject/4893726/,https://img3.doubanio.com/view/photo/s_ratio_poster/public/p2099815842.jpg
生活多美好,9.2,美国,喜剧,https://movie.douban.com/subject/4893726/,https://img1.doubanio.com/view/photo/s_ratio_poster/public/p771490367.jpg
你逃我也逃,9.2,美国,喜剧,https://movie.douban.com/subject/4893726/,https://img3.doubanio.com/view/photo/s_ratio_poster/public/p1339915772.jpg
欢乐树的朋友们：赶尽杀绝,9.2,美国,喜剧,https://movie.douban.com/subject/4893726/,https://img3.doubanio.com/lpic/s1806732.jpg
欢乐树的朋友们：第二发球,9.2,美国,喜剧,https://movie.douban.com/subject/4893726/,https://img3.doubanio.com/lpic/s1806713.jpg
欢乐树的朋友们：第三击,9.2,美国,喜剧,https://movie.douban.com/subject/4893726/,https://img3.doubanio.com/lpic/s1806711.jpg
欢乐树的朋友们：寒假,9.2,美国,喜剧,https://movie.douban.com/subject/4893726/,https://img3.doubanio.com/lpic/s1806745.jpg
汤姆的能量,9.2,美国,喜剧,https://movie.douban.com/subject/4893726/,https://img1.doubanio.com/lpic/s8354299.jpg
拉塞尔・皮特斯：红白褐,9.2,美国,喜剧,https://movie.douban.com/subject/4893726/,https://img3.doubanio.com/lpic/s3635321.jpg
拽妹黛薇儿之暑假要结束了没,9.2,美国,喜剧,https://movie.douban.com/subject/4893726/,https://img1.doubanio.com/lpic/s2373108.jpg
周六夜现场,9.2,美国,喜剧,https://movie.douban.com/subject/4893726/,https://img3.doubanio.com/view/photo/s_ratio_poster/public/p2362999490.jpg
周六夜现场,9.2,美国,喜剧,https://movie.douban.com/subject/4893726/,https://img1.doubanio.com/lpic/s3517328.jpg
乔治・卡林：你们都有病,9.2,美国,喜剧,https://movie.douban.com/subject/4893726/,https://img3.doubanio.com/lpic/s9109486.jpg
周六夜现场,9.2,美国,喜剧,https://movie.douban.com/subject/4893726/,https://img3.doubanio.com/lpic/s4602052.jpg
辛普森一家之恐怖树屋第十九部,9.2,美国,喜剧,https://movie.douban.com/subject/4893726/,https://img3.doubanio.com/lpic/s3351970.jpg
迪斯尼彭彭丁满欢乐大餐,9.2,美国,喜剧,https://movie.douban.com/subject/4893726/,https://img3.doubanio.com/lpic/s6888773.jpg
乔治・卡林：人生因失而值,9.2,美国,喜剧,https://movie.douban.com/subject/4893726/,https://img3.doubanio.com/view/photo/s_ratio_poster/public/p2165125235.jpg
猫之布鲁斯,9.2,美国,喜剧,https://movie.douban.com/subject/4893726/,https://img3.doubanio.com/lpic/s8938696.jpg
猫儿上天堂,9.2,美国,喜剧,https://movie.douban.com/subject/4893726/,https://img3.doubanio.com/lpic/s8514370.jpg
圣诞前夜,9.2,美国,喜剧,https://movie.douban.com/subject/4893726/,https://img3.doubanio.com/view/photo/s_ratio_poster/public/p2456684073.jpg
好莱坞碗演奏会,9.2,美国,喜剧,https://movie.douban.com/subject/4893726/,https://img3.doubanio.com/view/photo/s_ratio_poster/public/p2437612871.jpg
乔治・卡林：詹明在纽约,9.2,美国,喜剧,https://movie.douban.com/subject/4893726/,https://img1.doubanio.com/lpic/s3759278.jpg
冷气礼堂的喧哗: 比尔・奥雷利 vs. 逅就,9.2,美国,喜剧,https://movie.douban.com/subject/4893726/,https://img1.doubanio.com/view/photo/s_ratio_poster/public/p1717230188.jpg
Jeff Dunham 跟自己吵架,9.2,美国,喜剧,https://movie.douban.com/subject/4893726/,https://img3.doubanio.com/lpic/s22718081.jpg
史努比的惊险夏令营,9.2,美国,喜剧,https://movie.douban.com/subject/4893726/,https://img3.doubanio.com/lpic/s3706964.jpg
一路L，查理布朗,9.2,美国,喜剧,https://movie.douban.com/subject/4893726/,https://img1.doubanio.com/view/photo/s_ratio_poster/public/p2206513238.jpg
周六夜现场: 吉米・法伦精选集,9.0,美国,喜剧,https://movie.douban.com/subject/4893726/,https://img3.doubanio.com/lpic/s2392694.jpg
难舍难分,9.2,美国,喜剧,https://movie.douban.com/subject/4893726/,https://img3.doubanio.com/lpic/s3874462.jpg
楚门的世界,9.1,美国,喜剧,https://movie.douban.com/subject/4893726/,https://img3.doubanio.com/view/photo/s_ratio_poster/public/p479682972.jpg
触不可及,9.1,美国,喜剧,https://movie.douban.com/subject/4893726/,https://img3.doubanio.com/view/photo/s_ratio_poster/public/p1454261925.jpg
暴力云与送子鹳,9.1,美国,喜剧,https://movie.douban.com/subject/4893726/,https://img3.doubanio.com/view/photo/s_ratio_poster/public/p449756673.jpg
寻子遇仙记,9.1,美国,喜剧,https://movie.douban.com/subject/4893726/,https://img1.doubanio.com/view/photo/s_ratio_poster/public/p2332976198.jpg
马戏团,9.1,美国,喜剧,https://movie.douban.com/subject/4893726/,https://img3.doubanio.com/view/photo/s_ratio_poster/public/p2248445275.jpg
欢乐树的朋友们,9.1,美国,喜剧,https://movie.douban.com/subject/4893726/,https://img3.doubanio.com/lpic/s4543611.jpg
乔治・卡林：这对你不好,9.1,美国,喜剧,https://movie.douban.com/subject/4893726/,https://img3.doubanio.com/lpic/s3639103.jpg
老鼠罐头工厂,9.1,美国,喜剧,https://movie.douban.com/subject/4893726/,https://img3.doubanio.com/lpic/s8354291.jpg
欢乐树的朋友们：滑雪巡逻救生队,9.1,美国,喜剧,https://movie.douban.com/subject/4893726/,https://img3.doubanio.com/lpic/s3622650.jpg
双人高尔夫,9.1,美国,喜剧,https://movie.douban.com/subject/4893726/,https://img3.doubanio.com/view/photo/s_ratio_poster/public/p2458339224.jpg
猫钓鱼,9.1,美国,喜剧,https://movie.douban.com/subject/4893726/,https://img1.doubanio.com/view/photo/s_ratio_poster/public/p2458595717.jpg
父子野餐,9.1,美国,喜剧,https://movie.douban.com/subject/4893726/,https://img3.doubanio.com/lpic/s8354516.jpg
周六夜现场,9.1,美国,喜剧,https://movie.douban.com/subject/4893726/,https://img1.doubanio.com/lpic/s25810279.jpg
人人都爱雷蒙德: 最后的笑声,9.1,美国,喜剧,https://movie.douban.com/subject/4893726/,https://img3.doubanio.com/lpic/s3353335.jpg
周六夜现场：40周年特别庆典,9.1,美国,喜剧,https://movie.douban.com/subject/4893726/,https://img3.doubanio.com/view/photo/s_ratio_poster/public/p2227937905.jpg
辛普森一家之万圣节专辑之恐怖树屋,9.1,美国,喜剧,https://movie.douban.com/subject/4893726/,https://img3.doubanio.com/lpic/s2753652.jpg
无所畏惧,9.1,美国,喜剧,https://movie.douban.com/subject/4893726/,https://img3.doubanio.com/view/photo/s_ratio_poster/public/p2322720201.jpg
人鼠之间,9.1,美国,喜剧,https://movie.douban.com/subject/4893726/,https://img3.doubanio.com/view/photo/s_ratio_poster/public/p2252276881.jpg
淘金岁月,9.1,美国,喜剧,https://movie.douban.com/subject/4893726/,https://img1.doubanio.com/lpic/s2091337.jpg
辛普森一家之恐怖树屋第十七部,9.1,美国,喜剧,https://movie.douban.com/subject/4893726/,https://img1.doubanio.com/lpic/s2614747.jpg
飞行猫,9.1,美国,喜剧,https://movie.douban.com/subject/4893726/,https://img1.doubanio.com/view/photo/s_ratio_poster/public/p2458595828.jpg
加菲猫的侦探故事,9.1,美国,喜剧,https://movie.douban.com/subject/4893726/,https://img3.doubanio.com/lpic/s3665980.jpg
网球白痴,9.1,美国,喜剧,https://movie.douban.com/subject/4893726/,https://img3.doubanio.com/view/photo/s_ratio_poster/public/p2494212990.jpg
德鲁大叔,9.1,美国,喜剧,https://movie.douban.com/subject/4893726/,https://img3.doubanio.com/view/photo/s_ratio_poster/public/p2401288743.jpg
爆竹风波,9.1,美国,喜剧,https://movie.douban.com/subject/4893726/,https://img1.doubanio.com/view/photo/s_ratio_poster/public/p2494213107.jpg
两个小印第安,9.1,美国,喜剧,https://movie.douban.com/subject/4893726/,https://img3.doubanio.com/lpic/s4467782.jpg
马克吐温美国幽默奖：蒂娜・菲,9.1,美国,喜剧,https://movie.douban.com/subject/4893726/,https://img1.doubanio.com/lpic/s4541828.jpg
捕鼠陷阱,9.1,美国,喜剧,https://movie.douban.com/subject/4893726/,https://img3.doubanio.com/view/photo/s_ratio_poster/public/p2458596041.jpg
休战的伤害,9.1,美国,喜剧,https://movie.douban.com/subject/4893726/,https://img1.doubanio.com/view/photo/s_ratio_poster/public/p2464858879.jpg
宠物之争,9.1,美国,喜剧,https://movie.douban.com/subject/4893726/,https://img3.doubanio.com/lpic/s8459243.jpg
本尼・希尔搞笑表演集锦,9.1,美国,喜剧,https://movie.douban.com/subject/4893726/,https://img3.doubanio.com/view/photo/s_ratio_poster/public/p2327819375.jpg
周六夜现场:   艾米・波勒精选集,9.1,美国,喜剧,https://movie.douban.com/subject/4893726/,https://img3.doubanio.com/lpic/s4073912.jpg
哈利波特同人音乐剧 第二部,9.0,美国,喜剧,https://movie.douban.com/subject/4893726/,https://img1.doubanio.com/lpic/s7035829.jpg
阿福世界,9.1,美国,喜剧,https://movie.douban.com/subject/4893726/,https://img1.doubanio.com/lpic/s4214847.jpg
A Colbert Christmas: The Greatest Gift of All!,9.1,美国,喜剧,https://movie.douban.com/subject/4893726/,https://img3.doubanio.com/lpic/s3376726.jpg
光荣的日子,9.1,美国,喜剧,https://movie.douban.com/subject/4893726/,https://img3.doubanio.com/view/photo/s_ratio_poster/public/p1112469352.jpg
飞越疯人院,9.0,美国,喜剧,https://movie.douban.com/subject/4893726/,https://img1.doubanio.com/view/photo/s_ratio_poster/public/p792238287.jpg
两杆大烟枪,9.0,美国,喜剧,https://movie.douban.com/subject/4893726/,https://img1.doubanio.com/view/photo/s_ratio_poster/public/p792443418.jpg
电焊工波力,9.0,美国,喜剧,https://movie.douban.com/subject/4893726/,https://img3.doubanio.com/view/photo/s_ratio_poster/public/p1202712652.jpg
宇宙快递,9.0,美国,喜剧,https://movie.douban.com/subject/4893726/,https://img3.doubanio.com/view/photo/s_ratio_poster/public/p2229847445.jpg
宠物,9.0,美国,喜剧,https://movie.douban.com/subject/4893726/,https://img3.doubanio.com/view/photo/s_ratio_poster/public/p2195528326.jpg
淘金记,9.0,美国,喜剧,https://movie.douban.com/subject/4893726/,https://img3.doubanio.com/view/photo/s_ratio_poster/public/p1581774481.jpg
欢乐树的朋友们：第一滴血,9.0,美国,喜剧,https://movie.douban.com/subject/4893726/,https://img1.doubanio.com/lpic/s1806727.jpg
将军号,9.0,美国,喜剧,https://movie.douban.com/subject/4893726/,https://img3.doubanio.com/view/photo/s_ratio_poster/public/p2248676081.jpg
猫的协奏曲,9.0,美国,喜剧,https://movie.douban.com/subject/4893726/,https://img3.doubanio.com/view/photo/s_ratio_poster/public/p2458595750.jpg
小孤儿,9.0,美国,喜剧,https://movie.douban.com/subject/4893726/,https://img3.doubanio.com/lpic/s8432261.jpg
欢乐树的朋友们：鼹鼠进城,9.0,美国,喜剧,https://movie.douban.com/subject/4893726/,https://img1.doubanio.com/lpic/s1806738.jpg
稻草人,9.0,美国,喜剧,https://movie.douban.com/subject/4893726/,https://img1.doubanio.com/view/photo/s_ratio_poster/public/p2503556327.jpg
辛普森一家：家庭治疗,9.0,美国,喜剧,https://movie.douban.com/subject/4893726/,https://img3.doubanio.com/lpic/s1742552.jpg
拉塞尔・皮特斯：幽默无国界,9.0,美国,喜剧,https://movie.douban.com/subject/4893726/,https://img3.doubanio.com/lpic/s4092233.jpg
周六夜现场,9.0,美国,喜剧,https://movie.douban.com/subject/4893726/,https://img1.doubanio.com/view/photo/s_ratio_poster/public/p2456874717.jpg
周六夜现场,9.0,美国,喜剧,https://movie.douban.com/subject/4893726/,https://img3.doubanio.com/view/photo/s_ratio_poster/public/p2164369882.jpg
周六夜现场,9.0,美国,喜剧,https://movie.douban.com/subject/4893726/,https://img1.doubanio.com/lpic/s9124857.jpg
老鼠打扫记,9.1,美国,喜剧,https://movie.douban.com/subject/4893726/,https://img3.doubanio.com/lpic/s8514360.jpg
保镖,9.0,美国,喜剧,https://movie.douban.com/subject/4893726/,https://img3.doubanio.com/view/photo/s_ratio_poster/public/p2456687514.jpg
隐形墨水,9.0,美国,喜剧,https://movie.douban.com/subject/4893726/,https://img3.doubanio.com/lpic/s4467736.jpg
杰瑞的表兄,9.0,美国,喜剧,https://movie.douban.com/subject/4893726/,https://img1.doubanio.com/lpic/s8354088.jpg
杰瑞和狮子,9.0,美国,喜剧,https://movie.douban.com/subject/4893726/,https://img3.doubanio.com/view/photo/s_ratio_poster/public/p2458595794.jpg
机器鸡DC漫画特辑3：魔幻基友,9.0,美国,喜剧,https://movie.douban.com/subject/4893726/,https://img3.doubanio.com/view/photo/s_ratio_poster/public/p2312933024.jpg
寂寞的老鼠,9.0,美国,喜剧,https://movie.douban.com/subject/4893726/,https://img3.doubanio.com/view/photo/s_ratio_poster/public/p2456686820.jpg
麻烦的诞生,9.0,美国,喜剧,https://movie.douban.com/subject/4893726/,https://img1.doubanio.com/lpic/s8514368.jpg
强力乳液,9.0,美国,喜剧,https://movie.douban.com/subject/4893726/,https://img3.doubanio.com/view/photo/s_ratio_poster/public/p2456686900.jpg
周末夜之猫,9.0,美国,喜剧,https://movie.douban.com/subject/4893726/,https://img3.doubanio.com/view/photo/s_ratio_poster/public/p2506716493.jpg
午睡纠纷,9.0,美国,喜剧,https://movie.douban.com/subject/4893726/,https://img3.doubanio.com/lpic/s4466624.jpg
杰瑞与小象,9.0,美国,喜剧,https://movie.douban.com/subject/4893726/,https://img3.doubanio.com/lpic/s4467781.jpg
周六夜现场,9.0,美国,喜剧,https://movie.douban.com/subject/4893726/,https://img3.doubanio.com/lpic/s4634232.jpg
皇帝的睡眠,9.0,美国,喜剧,https://movie.douban.com/subject/4893726/,https://img3.doubanio.com/lpic/s4466643.jpg
Russell Peters: Show Me the Funny,9.0,美国,喜剧,https://movie.douban.com/subject/4893726/,https://img3.doubanio.com/lpic/s4551740.jpg
偷懒的猫,9.0,美国,喜剧,https://movie.douban.com/subject/4893726/,https://img1.doubanio.com/lpic/s4466619.jpg
有恩必报,9.0,美国,喜剧,https://movie.douban.com/subject/4893726/,https://img1.doubanio.com/view/photo/s_ratio_poster/public/p2494213667.jpg
古宝猫,9.0,美国,喜剧,https://movie.douban.com/subject/4893726/,https://img1.doubanio.com/view/photo/s_ratio_poster/public/p2494213739.jpg
彩虹,9.0,美国,喜剧,https://movie.douban.com/subject/4893726/,https://img3.doubanio.com/view/photo/s_ratio_poster/public/p503390374.jpg
小雪人喜欢我,9.0,美国,喜剧,https://movie.douban.com/subject/4893726/,https://img3.doubanio.com/lpic/s4467821.jpg
George Carlin: Doin' It Again,9.0,美国,喜剧,https://movie.douban.com/subject/4893726/,https://img3.doubanio.com/lpic/s24520022.jpg
胆小的猫咪,9.0,美国,喜剧,https://movie.douban.com/subject/4893726/,https://img1.doubanio.com/lpic/s8938699.jpg
Matthew Gray Gubler: The Unauthorized Documentary,9.1,美国,喜剧,https://movie.douban.com/subject/4893726/,https://img3.doubanio.com/lpic/s24232324.jpg
小顽童/小捣蛋,9.0,美国,喜剧,https://movie.douban.com/subject/4893726/,https://img3.doubanio.com/lpic/s3239194.jpg
比尔・马厄：我是瑞士人,9.0,美国,喜剧,https://movie.douban.com/subject/4893726/,https://img3.doubanio.com/lpic/s3716715.jpg
如此美好的一天(短片),9.0,美国,喜剧,https://movie.douban.com/subject/4893726/,https://img3.doubanio.com/view/photo/s_ratio_poster/public/p2395484381.jpg
Eddie Izzard: Dress to Kill,9.0,美国,喜剧,https://movie.douban.com/subject/4893726/,https://img3.doubanio.com/view/photo/s_ratio_poster/public/p2180891675.jpg
R2-D2 Beneath The Dome,9.0,美国,喜剧,https://movie.douban.com/subject/4893726/,https://img3.doubanio.com/lpic/s3219981.jpg
拉里・戴维：消消气,9.0,美国,喜剧,https://movie.douban.com/subject/4893726/,https://img3.doubanio.com/view/photo/s_ratio_poster/public/p2500849806.jpg
拾下拾下,9.6,香港,喜剧,https://movie.douban.com/subject/3543679/,https://img3.doubanio.com/view/photo/s_ratio_poster/public/p2359001422.jpg
秋前算账,9.6,香港,喜剧,https://movie.douban.com/subject/3543679/,https://img3.doubanio.com/view/photo/s_ratio_poster/public/p2358999062.jpg
越大镬越快乐,9.5,香港,喜剧,https://movie.douban.com/subject/3543679/,https://img3.doubanio.com/view/photo/s_ratio_poster/public/p2365168701.jpg
哗众取宠,9.5,香港,喜剧,https://movie.douban.com/subject/3543679/,https://img3.doubanio.com/view/photo/s_ratio_poster/public/p2351203974.jpg
黄子华栋笃笑之犹坑,9.5,香港,喜剧,https://movie.douban.com/subject/3543679/,https://img1.doubanio.com/view/photo/s_ratio_poster/public/p2352295709.jpg
娱乐圈血肉史,9.3,香港,喜剧,https://movie.douban.com/subject/3543679/,https://img3.doubanio.com/view/photo/s_ratio_poster/public/p2210682395.jpg
娱乐圈血肉史2,9.3,香港,喜剧,https://movie.douban.com/subject/3543679/,https://img1.doubanio.com/view/photo/s_ratio_poster/public/p2239371338.jpg
S子A栋笃笑之色情家庭,9.3,香港,喜剧,https://movie.douban.com/subject/3543679/,https://img1.doubanio.com/view/photo/s_ratio_poster/public/p2353716227.jpg
跟住去边度,9.3,香港,喜剧,https://movie.douban.com/subject/3543679/,https://img3.doubanio.com/view/photo/s_ratio_poster/public/p2329970542.jpg
S子AV笑之末世神,9.3,香港,喜剧,https://movie.douban.com/subject/3543679/,https://img1.doubanio.com/view/photo/s_ratio_poster/public/p2378106307.jpg
大话西游之大圣娶亲,9.2,香港,喜剧,https://movie.douban.com/subject/3543679/,https://img3.doubanio.com/view/photo/s_ratio_poster/public/p2455050536.jpg
黄子华栋笃笑之洗燥,9.1,香港,喜剧,https://movie.douban.com/subject/3543679/,https://img3.doubanio.com/view/photo/s_ratio_poster/public/p2425882934.jpg
一磅肉,9.1,香港,喜剧,https://movie.douban.com/subject/3543679/,https://img3.doubanio.com/view/photo/s_ratio_poster/public/p2342489640.jpg
Me and My Girl,9.6,日本,喜剧,https://movie.douban.com/subject/6396683/,https://img3.doubanio.com/lpic/s11169045.jpg
银魂：白夜叉降诞预告,9.5,日本,喜剧,https://movie.douban.com/subject/6396683/,https://img1.doubanio.com/view/photo/s_ratio_poster/public/p2214620528.jpg
校园疯神榜！2015,9.5,日本,喜剧,https://movie.douban.com/subject/6396683/,https://img3.doubanio.com/view/photo/s_ratio_poster/public/p2280411490.jpg
银魂完结篇：直到永远的万事屋,9.3,日本,喜剧,https://movie.douban.com/subject/6396683/,https://img3.doubanio.com/view/photo/s_ratio_poster/public/p2258024316.jpg
虎与龙SP,9.2,日本,喜剧,https://movie.douban.com/subject/6396683/,https://img3.doubanio.com/view/photo/s_ratio_poster/public/p809505182.jpg
最完美的离婚 2014特别篇,9.1,日本,喜剧,https://movie.douban.com/subject/6396683/,https://img1.doubanio.com/view/photo/s_ratio_poster/public/p2186872257.jpg
银魂剧场版：新译红樱篇,9.1,日本,喜剧,https://movie.douban.com/subject/6396683/,https://img3.doubanio.com/view/photo/s_ratio_poster/public/p612363092.jpg
倒数第二次恋爱 2012秋SP,9.1,日本,喜剧,https://movie.douban.com/subject/6396683/,https://img3.doubanio.com/view/photo/s_ratio_poster/public/p1998695160.jpg
日本之形,9.1,日本,喜剧,https://movie.douban.com/subject/6396683/,https://img3.doubanio.com/lpic/s2413380.jpg
24小时不准笑：热血教师24小时,9.1,日本,喜剧,https://movie.douban.com/subject/6396683/,https://img3.doubanio.com/view/photo/s_ratio_poster/public/p2304326774.jpg
红鱼,9.0,日本,喜剧,https://movie.douban.com/subject/6396683/,https://img3.doubanio.com/view/photo/s_ratio_poster/public/p2315734512.jpg
凉宫春日的消失,9.0,日本,喜剧,https://movie.douban.com/subject/6396683/,https://img3.doubanio.com/view/photo/s_ratio_poster/public/p2246432125.jpg
召唤恶魔阿萨谢尔OAD：泣牛篇,9.0,日本,喜剧,https://movie.douban.com/subject/6396683/,https://img3.doubanio.com/lpic/s4173445.jpg
蜡笔小新之呼风唤雨！大人帝国的反击,9.0,日本,喜剧,https://movie.douban.com/subject/6396683/,https://img3.doubanio.com/view/photo/s_ratio_poster/public/p2327107485.jpg
召唤恶魔阿萨谢尔OAD：赛亚篇,9.0,日本,喜剧,https://movie.douban.com/subject/6396683/,https://img1.doubanio.com/lpic/s6833418.jpg
召唤恶魔阿萨谢尔OAD：路西法篇,9.0,日本,喜剧,https://movie.douban.com/subject/6396683/,https://img3.doubanio.com/lpic/s10205921.jpg
木更津猫眼 世界系列,9.0,日本,喜剧,https://movie.douban.com/subject/6396683/,https://img3.doubanio.com/view/photo/s_ratio_poster/public/p764157116.jpg
草莓棉花糖 OVA 3卷,9.0,日本,喜剧,https://movie.douban.com/subject/6396683/,https://img1.doubanio.com/lpic/s2666917.jpg
草莓棉花糖 OVA 2卷,9.0,日本,喜剧,https://movie.douban.com/subject/6396683/,https://img3.doubanio.com/lpic/s2666915.jpg
甜甜私房猫OVA,9.0,日本,喜剧,https://movie.douban.com/subject/6396683/,https://img3.doubanio.com/lpic/s4568052.jpg
阿滋漫画大王 短篇电影,9.0,日本,喜剧,https://movie.douban.com/subject/6396683/,https://img3.doubanio.com/lpic/s2678594.jpg
8UPPERS FEATURE MUSIC FILM,9.0,日本,喜剧,https://movie.douban.com/subject/6396683/,https://img1.doubanio.com/view/photo/s_ratio_poster/public/p1210671627.jpg
寅次郎的故事15：鸳鸯伞,9.0,日本,喜剧,https://movie.douban.com/subject/6396683/,https://img3.doubanio.com/view/photo/s_ratio_poster/public/p2333007611.jpg
浮浪云,9.0,日本,喜剧,https://movie.douban.com/subject/6396683/,https://img3.doubanio.com/lpic/s6392033.jpg
富康之家：硬核,9.0,日本,喜剧,https://movie.douban.com/subject/6396683/,https://img3.doubanio.com/lpic/s6342614.jpg
出租车,9.6,韩国,喜剧,https://movie.douban.com/subject/25884822/,https://img3.doubanio.com/view/photo/s_ratio_poster/public/p2445935214.jpg
出租车司机冒险记,9.1,韩国,喜剧,https://movie.douban.com/subject/25884822/,https://img3.doubanio.com/view/photo/s_ratio_poster/public/p2502580762.jpg
宇宙快递,9.0,韩国,喜剧,https://movie.douban.com/subject/25884822/,https://img3.doubanio.com/view/photo/s_ratio_poster/public/p2229847445.jpg
The League Of Gentlemen Live At Drury Lane,9.7,英国,喜剧,https://movie.douban.com/subject/7003108/,https://img3.doubanio.com/lpic/s23126434.jpg
Journey of the Childmen: The Mighty Boosh on Tour,9.7,英国,喜剧,https://movie.douban.com/subject/7003108/,https://img3.doubanio.com/lpic/s6918170.jpg
Comedy Connections-Yes Minister,9.7,英国,喜剧,https://movie.douban.com/subject/7003108/,https://img3.doubanio.com/view/photo/s_ratio_poster/public/p2196015190.jpg
Blackadder Exclusive: The Whole Rotten Saga,9.7,英国,喜剧,https://movie.douban.com/subject/7003108/,https://img3.doubanio.com/lpic/s4046681.jpg
憨豆先生精选辑,9.6,英国,喜剧,https://movie.douban.com/subject/7003108/,https://img3.doubanio.com/view/photo/s_ratio_poster/public/p2354179225.jpg
最高档 极地特辑,9.6,英国,喜剧,https://movie.douban.com/subject/7003108/,https://img1.doubanio.com/lpic/s9014007.jpg
凯特秀：喜剧插曲之神秘博士特别篇,9.6,英国,喜剧,https://movie.douban.com/subject/7003108/,https://img3.doubanio.com/view/photo/s_ratio_poster/public/p2289093862.jpg
绅士联盟舞台剧,9.6,英国,喜剧,https://movie.douban.com/subject/7003108/,https://img3.doubanio.com/view/photo/s_ratio_poster/public/p2235065102.jpg
The Mighty Boosh Live: Future Sailors Tour,9.6,英国,喜剧,https://movie.douban.com/subject/7003108/,https://img3.doubanio.com/lpic/s4072314.jpg
跳到最后,9.6,英国,喜剧,https://movie.douban.com/subject/7003108/,https://img1.doubanio.com/lpic/s3872897.jpg
Aim Low:The Best of Dylan Moran,9.6,英国,喜剧,https://movie.douban.com/subject/7003108/,https://img1.doubanio.com/lpic/s4596109.jpg
新闻问答,9.6,英国,喜剧,https://movie.douban.com/subject/7003108/,https://img3.doubanio.com/lpic/s2727625.jpg
法国小馆儿归来,9.6,英国,喜剧,https://movie.douban.com/subject/7003108/,https://img1.doubanio.com/lpic/s4493287.jpg
Green Day：圣经上的子弹演唱会,9.5,英国,喜剧,https://movie.douban.com/subject/7003108/,https://img3.doubanio.com/lpic/s3937890.jpg
创造“哈利`波特”的世界：生物,9.5,英国,喜剧,https://movie.douban.com/subject/7003108/,https://img1.doubanio.com/view/photo/s_ratio_poster/public/p2425167528.jpg
五位(还嫌少)博士重启,9.5,英国,喜剧,https://movie.douban.com/subject/7003108/,https://img1.doubanio.com/view/photo/s_ratio_poster/public/p2160377148.jpg
跳出我天地音乐剧,9.5,英国,喜剧,https://movie.douban.com/subject/7003108/,https://img3.doubanio.com/view/photo/s_ratio_poster/public/p2215874393.jpg
文艺趣向,9.5,英国,喜剧,https://movie.douban.com/subject/7003108/,https://img3.doubanio.com/view/photo/s_ratio_poster/public/p2325812941.jpg
Jam,9.5,英国,喜剧,https://movie.douban.com/subject/7003108/,https://img3.doubanio.com/lpic/s2401735.jpg
IT狂人说明书,9.4,英国,喜剧,https://movie.douban.com/subject/7003108/,https://img3.doubanio.com/view/photo/s_ratio_poster/public/p2164513614.jpg
西蒙・阿姆斯特尔：顺其自然,9.4,英国,喜剧,https://movie.douban.com/subject/7003108/,https://img3.doubanio.com/view/photo/s_ratio_poster/public/p2184490255.jpg
西蒙・阿姆斯特尔：麻木,9.4,英国,喜剧,https://movie.douban.com/subject/7003108/,https://img1.doubanio.com/view/photo/s_ratio_poster/public/p1950952327.jpg
一点双人秀：十五年后重聚首,9.4,英国,喜剧,https://movie.douban.com/subject/7003108/,https://img3.doubanio.com/lpic/s4569461.jpg
博弈论,9.4,英国,喜剧,https://movie.douban.com/subject/7003108/,https://img3.doubanio.com/lpic/s4495422.jpg
神奇动物管理员之红鼻子日秀,9.4,英国,喜剧,https://movie.douban.com/subject/7003108/,https://img1.doubanio.com/lpic/s2810218.jpg
一点双人秀(试播集),9.4,英国,喜剧,https://movie.douban.com/subject/7003108/,https://img3.doubanio.com/view/photo/s_ratio_poster/public/p2179016244.jpg
The Big Fat Quiz of the Year: 2006,9.4,英国,喜剧,https://movie.douban.com/subject/7003108/,https://img3.doubanio.com/lpic/s4508125.jpg
snorks,9.4,英国,喜剧,https://movie.douban.com/subject/7003108/,https://img3.doubanio.com/lpic/s1796635.jpg
Frankie Boyle: Live,9.4,英国,喜剧,https://movie.douban.com/subject/7003108/,https://img3.doubanio.com/lpic/s4466900.jpg
极品基老伴：完结篇,9.3,英国,喜剧,https://movie.douban.com/subject/7003108/,https://img3.doubanio.com/view/photo/s_ratio_poster/public/p2360539785.jpg
凡人与超人,9.3,英国,喜剧,https://movie.douban.com/subject/7003108/,https://img3.doubanio.com/view/photo/s_ratio_poster/public/p2342687224.jpg
Dylan Moran: Off the Hook,9.3,英国,喜剧,https://movie.douban.com/subject/7003108/,https://img1.doubanio.com/view/photo/s_ratio_poster/public/p2384088429.jpg
绿翼：圣诞特别篇,9.3,英国,喜剧,https://movie.douban.com/subject/7003108/,https://img1.doubanio.com/view/photo/s_ratio_poster/public/p2173751587.jpg
幕后危机(特别版),9.3,英国,喜剧,https://movie.douban.com/subject/7003108/,https://img3.doubanio.com/lpic/s9014491.jpg
Rowan Atkinson Live,9.3,英国,喜剧,https://movie.douban.com/subject/7003108/,https://img1.doubanio.com/view/photo/s_ratio_poster/public/p1946989807.jpg
无事生非 (2011年伦敦Wyndham剧院版),9.3,英国,喜剧,https://movie.douban.com/subject/7003108/,https://img1.doubanio.com/view/photo/s_ratio_poster/public/p2328040727.jpg
Bill Bailey's Remarkable Guide to the Orchestra,9.3,英国,喜剧,https://movie.douban.com/subject/7003108/,https://img1.doubanio.com/lpic/s4150079.jpg
土豆工厂,9.3,英国,喜剧,https://movie.douban.com/subject/7003108/,https://img3.doubanio.com/view/photo/s_ratio_poster/public/p2233036824.jpg
IT狂人特别篇,9.2,英国,喜剧,https://movie.douban.com/subject/7003108/,https://img3.doubanio.com/view/photo/s_ratio_poster/public/p2183667933.jpg
极品基老伴：2013圣诞特辑,9.2,英国,喜剧,https://movie.douban.com/subject/7003108/,https://img3.doubanio.com/view/photo/s_ratio_poster/public/p2187166976.jpg
神秘博士：时间冲撞,9.2,英国,喜剧,https://movie.douban.com/subject/7003108/,https://img1.doubanio.com/lpic/s6788929.jpg
Dylan Moran: Yeah/Yeah,9.2,英国,喜剧,https://movie.douban.com/subject/7003108/,https://img3.doubanio.com/lpic/s6950051.jpg
帝企鹅宝宝的生命轮回之旅,9.2,英国,喜剧,https://movie.douban.com/subject/7003108/,https://img1.doubanio.com/view/photo/s_ratio_poster/public/p2315157917.jpg
迪伦・莫兰脱口秀,9.2,英国,喜剧,https://movie.douban.com/subject/7003108/,https://img1.doubanio.com/lpic/s4375039.jpg
Monster,9.2,英国,喜剧,https://movie.douban.com/subject/7003108/,https://img1.doubanio.com/lpic/s3207427.jpg
呼叫助产士：2012圣诞特别篇,9.2,英国,喜剧,https://movie.douban.com/subject/7003108/,https://img3.doubanio.com/view/photo/s_ratio_poster/public/p2174965075.jpg
卓别林秘史,9.2,英国,喜剧,https://movie.douban.com/subject/7003108/,https://img3.doubanio.com/lpic/s2965874.jpg
The Friday Night Project,9.2,英国,喜剧,https://movie.douban.com/subject/7003108/,https://img1.doubanio.com/lpic/s2405639.jpg
2007红鼻子日慈善专场大表演,9.2,英国,喜剧,https://movie.douban.com/subject/7003108/,https://img1.doubanio.com/lpic/s2727327.jpg
黑爵士再启程,9.2,英国,喜剧,https://movie.douban.com/subject/7003108/,https://img1.doubanio.com/lpic/s6906399.jpg
BBC喜剧音乐晚会,9.2,英国,喜剧,https://movie.douban.com/subject/7003108/,https://img3.doubanio.com/lpic/s9038205.jpg
大胖考10周年,9.3,英国,喜剧,https://movie.douban.com/subject/7003108/,https://img3.doubanio.com/view/photo/s_ratio_poster/public/p2220561444.jpg
皆大欢喜,9.2,英国,喜剧,https://movie.douban.com/subject/7003108/,https://img3.doubanio.com/view/photo/s_ratio_poster/public/p2163632711.jpg
喜之所有,9.1,英国,喜剧,https://movie.douban.com/subject/7003108/,https://img3.doubanio.com/view/photo/s_ratio_poster/public/p1257546382.jpg
人鼠之间,9.1,英国,喜剧,https://movie.douban.com/subject/7003108/,https://img3.doubanio.com/view/photo/s_ratio_poster/public/p2252276881.jpg
绅士联盟 圣诞特辑,9.1,英国,喜剧,https://movie.douban.com/subject/7003108/,https://img1.doubanio.com/lpic/s23126429.jpg
大自然里的奇怪动物,9.1,英国,喜剧,https://movie.douban.com/subject/7003108/,https://img3.doubanio.com/view/photo/s_ratio_poster/public/p2184080090.jpg
临时演员圣诞特辑,9.1,英国,喜剧,https://movie.douban.com/subject/7003108/,https://img3.doubanio.com/lpic/s3914200.jpg
出租车司机冒险记,9.1,英国,喜剧,https://movie.douban.com/subject/7003108/,https://img3.doubanio.com/view/photo/s_ratio_poster/public/p2502580762.jpg
剑桥脚灯社时事讽刺剧,9.1,英国,喜剧,https://movie.douban.com/subject/7003108/,https://img3.doubanio.com/lpic/s3213055.jpg
本尼・希尔搞笑表演集锦,9.1,英国,喜剧,https://movie.douban.com/subject/7003108/,https://img3.doubanio.com/view/photo/s_ratio_poster/public/p2327819375.jpg
哈利波特同人音乐剧 第二部,9.0,英国,喜剧,https://movie.douban.com/subject/7003108/,https://img1.doubanio.com/lpic/s7035829.jpg
Ricky Gervais Live: Animals,9.1,英国,喜剧,https://movie.douban.com/subject/7003108/,https://img3.doubanio.com/lpic/s2621513.jpg
光荣的日子,9.1,英国,喜剧,https://movie.douban.com/subject/7003108/,https://img3.doubanio.com/view/photo/s_ratio_poster/public/p1112469352.jpg
两杆大烟枪,9.0,英国,喜剧,https://movie.douban.com/subject/7003108/,https://img1.doubanio.com/view/photo/s_ratio_poster/public/p792443418.jpg
欢乐树的朋友们：第一滴血,9.0,英国,喜剧,https://movie.douban.com/subject/7003108/,https://img1.doubanio.com/lpic/s1806727.jpg
流浪者之歌,9.0,英国,喜剧,https://movie.douban.com/subject/7003108/,https://img3.doubanio.com/view/photo/s_ratio_poster/public/p2267333084.jpg
小不列颠：现场版,9.0,英国,喜剧,https://movie.douban.com/subject/7003108/,https://img1.doubanio.com/lpic/s2752947.jpg
阿曼动画之超级无敌掌门狗系列2,9.0,英国,喜剧,https://movie.douban.com/subject/7003108/,https://img3.doubanio.com/view/photo/s_ratio_poster/public/p2220140456.jpg
彩虹,9.0,英国,喜剧,https://movie.douban.com/subject/7003108/,https://img3.doubanio.com/view/photo/s_ratio_poster/public/p503390374.jpg
呼叫助产士：2014圣诞特别篇,9.0,英国,喜剧,https://movie.douban.com/subject/7003108/,https://img1.doubanio.com/view/photo/s_ratio_poster/public/p2259011769.jpg
Tim Minchin: So Live,9.0,英国,喜剧,https://movie.douban.com/subject/7003108/,https://img1.doubanio.com/lpic/s3909478.jpg
莫扎特 歌剧《唐・乔万尼》（唐璜）,9.0,英国,喜剧,https://movie.douban.com/subject/7003108/,https://img3.doubanio.com/lpic/s1812251.jpg
布朗夫人的儿子们：2015圣诞特别篇,9.0,英国,喜剧,https://movie.douban.com/subject/7003108/,https://img3.doubanio.com/view/photo/s_ratio_poster/public/p2310452506.jpg
The Beatles in Help!,9.0,英国,喜剧,https://movie.douban.com/subject/7003108/,https://img3.doubanio.com/lpic/s4182573.jpg
Eddie Izzard: Dress to Kill,9.0,英国,喜剧,https://movie.douban.com/subject/7003108/,https://img3.doubanio.com/view/photo/s_ratio_poster/public/p2180891675.jpg
Comic Relief 2009,9.0,英国,喜剧,https://movie.douban.com/subject/7003108/,https://img3.doubanio.com/view/photo/s_ratio_poster/public/p2247857861.jpg
Jimmy Carr: Being Funny,9.0,英国,喜剧,https://movie.douban.com/subject/7003108/,https://img3.doubanio.com/lpic/s7004166.jpg
l'autre c'est moi,9.7,法国,喜剧,https://movie.douban.com/subject/3700124/,https://img3.doubanio.com/lpic/s4695480.jpg
Papa est en haut,9.6,法国,喜剧,https://movie.douban.com/subject/3700124/,https://img3.doubanio.com/lpic/s3950012.jpg
The Work of Director Michel Gondry,9.3,法国,喜剧,https://movie.douban.com/subject/3700124/,https://img3.doubanio.com/lpic/s1408962.jpg
土豆工厂,9.3,法国,喜剧,https://movie.douban.com/subject/3700124/,https://img3.doubanio.com/view/photo/s_ratio_poster/public/p2233036824.jpg
大胖考10周年,9.3,法国,喜剧,https://movie.douban.com/subject/3700124/,https://img3.doubanio.com/view/photo/s_ratio_poster/public/p2220561444.jpg
触不可及,9.1,法国,喜剧,https://movie.douban.com/subject/3700124/,https://img3.doubanio.com/view/photo/s_ratio_poster/public/p1454261925.jpg
雇佣人生,9.1,法国,喜剧,https://movie.douban.com/subject/3700124/,https://img3.doubanio.com/view/photo/s_ratio_poster/public/p2027109343.jpg
地下,9.1,法国,喜剧,https://movie.douban.com/subject/3700124/,https://img3.doubanio.com/view/photo/s_ratio_poster/public/p1833776334.jpg
阿德尔曼夫妇,9.1,法国,喜剧,https://movie.douban.com/subject/3700124/,https://img3.doubanio.com/view/photo/s_ratio_poster/public/p2417978591.jpg
阿福世界,9.1,法国,喜剧,https://movie.douban.com/subject/3700124/,https://img1.doubanio.com/lpic/s4214847.jpg
光荣的日子,9.1,法国,喜剧,https://movie.douban.com/subject/3700124/,https://img3.doubanio.com/view/photo/s_ratio_poster/public/p1112469352.jpg
冠军理发师,9.1,法国,喜剧,https://movie.douban.com/subject/3700124/,https://img1.doubanio.com/lpic/s6341569.jpg
宝琳和宝莱特,9.0,法国,喜剧,https://movie.douban.com/subject/3700124/,https://img3.doubanio.com/lpic/s1627894.jpg
金球,9.0,法国,喜剧,https://movie.douban.com/subject/3700124/,https://img1.doubanio.com/view/photo/s_ratio_poster/public/p2251344879.jpg
加油/法国队!,9.0,法国,喜剧,https://movie.douban.com/subject/3700124/,https://img3.doubanio.com/lpic/s3754010.jpg
我是海尔姆特,9.4,德国,喜剧,https://movie.douban.com/subject/1797500/,https://img3.doubanio.com/lpic/s4533690.jpg
塞维利亚的理发师,9.2,德国,喜剧,https://movie.douban.com/subject/1797500/,https://img3.doubanio.com/lpic/s1643193.jpg
地下,9.1,德国,喜剧,https://movie.douban.com/subject/1797500/,https://img3.doubanio.com/view/photo/s_ratio_poster/public/p1833776334.jpg
费加罗的婚礼,9.1,德国,喜剧,https://movie.douban.com/subject/1797500/,https://img1.doubanio.com/view/photo/s_ratio_poster/public/p2272483089.jpg
美丽人生,9.5,意大利,喜剧,https://movie.douban.com/subject/1877242/,https://img3.doubanio.com/view/photo/s_ratio_poster/public/p510861873.jpg
塞维利亚的理发师,9.2,意大利,喜剧,https://movie.douban.com/subject/1877242/,https://img3.doubanio.com/lpic/s1643193.jpg
费加罗的婚礼,9.1,意大利,喜剧,https://movie.douban.com/subject/1877242/,https://img1.doubanio.com/view/photo/s_ratio_poster/public/p2272483089.jpg
流浪者之歌,9.0,意大利,喜剧,https://movie.douban.com/subject/1877242/,https://img3.doubanio.com/view/photo/s_ratio_poster/public/p2267333084.jpg
莫扎特 歌剧《唐・乔万尼》（唐璜）,9.0,意大利,喜剧,https://movie.douban.com/subject/1877242/,https://img3.doubanio.com/lpic/s1812251.jpg
Abhilasha,9.7,印度,喜剧,https://movie.douban.com/subject/26387939/,https://img3.doubanio.com/lpic/s3338625.jpg
三傻大闹宝莱坞,9.1,印度,喜剧,https://movie.douban.com/subject/26387939/,https://img3.doubanio.com/view/photo/s_ratio_poster/public/p579729551.jpg
摔跤吧！爸爸,9.1,印度,喜剧,https://movie.douban.com/subject/26387939/,https://img3.doubanio.com/view/photo/s_ratio_poster/public/p2457983084.jpg
唐吉柯德,9.3,俄罗斯,喜剧,https://movie.douban.com/subject/4040438/,https://img3.doubanio.com/lpic/s3874775.jpg
喀山孤,9.0,俄罗斯,喜剧,https://movie.douban.com/subject/4040438/,https://img3.doubanio.com/lpic/s3982254.jpg
Russell Peters: Two Concerts/One Ticket,9.3,加拿大,喜剧,https://movie.douban.com/subject/1971485/,https://img1.doubanio.com/lpic/s4699657.jpg
Rocky Horror Tribute Show,9.3,加拿大,喜剧,https://movie.douban.com/subject/1971485/,https://img3.doubanio.com/lpic/s3598686.jpg
拉塞尔・皮特斯：红白褐,9.2,加拿大,喜剧,https://movie.douban.com/subject/1971485/,https://img3.doubanio.com/lpic/s3635321.jpg
拉塞尔・皮特斯：幽默无国界,9.0,加拿大,喜剧,https://movie.douban.com/subject/1971485/,https://img3.doubanio.com/lpic/s4092233.jpg
Russell Peters: Show Me the Funny,9.0,加拿大,喜剧,https://movie.douban.com/subject/1971485/,https://img3.doubanio.com/lpic/s4551740.jpg
彩虹,9.0,加拿大,喜剧,https://movie.douban.com/subject/1971485/,https://img3.doubanio.com/view/photo/s_ratio_poster/public/p503390374.jpg
土豆工厂,9.3,澳大利亚,喜剧,https://movie.douban.com/subject/3893420/,https://img3.doubanio.com/view/photo/s_ratio_poster/public/p2233036824.jpg
迪伦・莫兰脱口秀,9.2,澳大利亚,喜剧,https://movie.douban.com/subject/3893420/,https://img1.doubanio.com/lpic/s4375039.jpg
Tim Minchin: So Live,9.0,澳大利亚,喜剧,https://movie.douban.com/subject/3893420/,https://img1.doubanio.com/lpic/s3909478.jpg
Aim Low:The Best of Dylan Moran,9.6,爱尔兰,喜剧,https://movie.douban.com/subject/26698398/,https://img1.doubanio.com/lpic/s4596109.jpg
Dylan Moran: Off the Hook,9.3,爱尔兰,喜剧,https://movie.douban.com/subject/26698398/,https://img1.doubanio.com/view/photo/s_ratio_poster/public/p2384088429.jpg
Dylan Moran: Yeah/Yeah,9.2,爱尔兰,喜剧,https://movie.douban.com/subject/26698398/,https://img3.doubanio.com/lpic/s6950051.jpg
迪伦・莫兰脱口秀,9.2,爱尔兰,喜剧,https://movie.douban.com/subject/26698398/,https://img1.doubanio.com/lpic/s4375039.jpg
Monster,9.2,爱尔兰,喜剧,https://movie.douban.com/subject/26698398/,https://img1.doubanio.com/lpic/s3207427.jpg
喜之所有,9.1,爱尔兰,喜剧,https://movie.douban.com/subject/26698398/,https://img3.doubanio.com/view/photo/s_ratio_poster/public/p1257546382.jpg
布朗夫人的儿子们：2015圣诞特别篇,9.0,爱尔兰,喜剧,https://movie.douban.com/subject/26698398/,https://img3.doubanio.com/view/photo/s_ratio_poster/public/p2310452506.jpg
克拉姆一家,9.0,丹麦,喜剧,https://movie.douban.com/subject/1775004/,https://img3.doubanio.com/lpic/s1646160.jpg
克拉姆一家2,9.0,丹麦,喜剧,https://movie.douban.com/subject/1775004/,https://img3.doubanio.com/lpic/s1646162.jpg
